Rank,Company,SS,AS,CCS,OES,RTS,TOS
1,hindustan_zinc_ltd_2023_2024,0.3376,1.0,0.7778,1.0,1.0,0.7788
2,kalpataru_projects_international_ltd_2023_2024,0.3823,1.0,0.6667,1.0,1.0,0.7622
3,eidparry_india_ltd_2023_2024,0.3787,1.0,0.6667,1.0,1.0,0.7613
4,tata_steel_ltd_2023_2024,0.3289,1.0,0.6667,1.0,1.0,0.7489
5,polycab_india_ltd_2023_2024,0.3184,1.0,0.6667,1.0,1.0,0.7463
6,angel_one_ltd_2023_2024,0.4125,1.0,0.5556,1.0,1.0,0.742
7,jay_bharat_maruti_ltd_2023_2024,0.2958,1.0,0.6667,1.0,1.0,0.7406
8,orient_electric_ltd_2023_2024,0.4044,1.0,0.5556,1.0,1.0,0.74
9,jm_financial_ltd_2023_2024,0.2924,1.0,0.6667,1.0,1.0,0.7398
10,signatureglobal_india_ltd_2023_2024,0.4625,1.0,0.4444,1.0,1.0,0.7267
11,tejas_networks_ltd_2023_2024,0.5721,1.0,0.3333,1.0,1.0,0.7263
12,minda_corporation_ltd_2023_2024,0.417,1.0,0.7778,0.7,1.0,0.7237
13,deepak_fertilisers_petrochemicals_corporation_ltd_2023_2024,0.4094,1.0,0.7778,0.7,1.0,0.7218
14,exide_industries_ltd_2023_2024,0.3038,1.0,0.7778,0.8,1.0,0.7204
15,gulf_oil_lubricants_india_ltd_2023_2024,0.4234,1.0,0.4444,1.0,1.0,0.717
16,vedanta_limited_2023_2024,0.3032,1.0,0.5556,1.0,1.0,0.7147
17,sonata_software_ltd_2023_2024,0.3899,1.0,0.4444,1.0,1.0,0.7086
18,hitachi_energy_india_ltd_2023_2024,0.3481,1.0,0.7778,0.7,1.0,0.7065
19,lt_finance_holdings_ltd_2022_2023,0.4551,1.0,0.6667,0.7,1.0,0.7054
20,nuvama_wealth_management_ltd_2023_2024,0.3726,1.0,0.4444,1.0,1.0,0.7043
21,karnataka_bank_ltd_2023_2024,0.3695,1.0,0.4444,1.0,1.0,0.7035
22,wpil_ltd_2023_2024,0.3607,1.0,0.4444,1.0,1.0,0.7013
23,irm_energy_ltd_2023_2024,0.2463,1.0,0.5556,1.0,1.0,0.7005
24,jyoti_structures_ltd_2023_2024,0.3474,1.0,0.4444,1.0,1.0,0.698
25,tata_steel_long_products_ltd_2022_2023,0.313,1.0,0.7778,0.7,1.0,0.6977
26,star_health_and_allied_insurance_company_ltd_2023_2024,0.3257,1.0,0.4444,1.0,1.0,0.6925
27,lt_finance_ltd_2023_2024,0.3982,1.0,0.6667,0.7,1.0,0.6912
28,balrampur_chini_mills_ltd_2023_2024,0.397,1.0,0.6667,0.7,1.0,0.6909
29,itc_ltd_2023_2024,0.4247,1.0,0.3333,1.0,1.0,0.6895
30,bharat_petroleum_corporation_ltd_2023_2024,0.4083,1.0,0.3333,1.0,1.0,0.6854
31,onward_technologies_ltd_2023_2024,0.3597,1.0,0.6667,0.7,1.0,0.6816
32,jk_paper_ltd_2023_2024,0.4628,1.0,0.5556,0.7,1.0,0.6796
33,asahi_india_glass_ltd_2023_2024,0.3426,1.0,0.6667,0.7,1.0,0.6773
34,syngene_international_ltd_2023_2024,0.3415,1.0,0.6667,0.7,1.0,0.677
35,amara_raja_batteries_ltd_2022_2023,0.3285,1.0,0.6667,0.7,1.0,0.6738
36,uflex_ltd_2023_2024,0.3279,1.0,0.6667,0.7,1.0,0.6736
37,shipping_corporation_of_india_ltd_2023_2024,0.3546,1.0,0.3333,1.0,1.0,0.672
38,cipla_ltd_2023_2024,0.3508,1.0,0.3333,1.0,1.0,0.671
39,ifgl_refractories_ltd_2023_2024,0.3128,1.0,0.5556,0.8,1.0,0.6671
40,nestle_india_ltd_2023_2024,0.3114,1.0,0.5556,0.8,1.0,0.6667
41,reliance_industries_ltd_2023_2024,0.3087,1.0,0.5556,1.0,0.5,0.6661
42,dcx_systems_ltd_2023_2024,0.33,1.0,0.3333,1.0,1.0,0.6658
43,ethos_ltd_2023_2024,0.4062,1.0,0.5556,0.7,1.0,0.6654
44,jai_corp_ltd_2023_2024,0.173,0.6667,0.6667,1.0,1.0,0.6599
45,kirloskar_brothers_ltd_2023_2024,0.3776,1.0,0.5556,0.7,1.0,0.6583
46,deepak_nitrite_ltd_2023_2024,0.2844,1.0,0.3333,1.0,1.0,0.6544
47,juniper_hotels_ltd_2023_2024,0.3575,1.0,0.5556,0.7,1.0,0.6533
48,blue_jet_healthcare_ltd_2023_2024,0.2569,0.6667,0.5556,1.0,1.0,0.6531
49,steel_authority_of_india_ltd_2023_2024,0.3451,1.0,0.5556,0.7,1.0,0.6502
50,eih_ltd_2023_2024,0.173,0.7667,0.5556,1.0,1.0,0.6471
51,wockhardt_ltd_2023_2024,0.3641,1.0,0.2222,1.0,1.0,0.6466
52,jindal_steel_power_ltd_2023_2024,0.323,1.0,0.5556,0.7,1.0,0.6446
53,upl_limited_2023_2024,0.32,1.0,0.5556,0.7,1.0,0.6439
54,century_textiles_industries_ltd_2023_2024,0.3189,1.0,0.5556,0.7,1.0,0.6436
55,apollo_tyres_ltd_2023_2024,0.3174,1.0,0.5556,0.7,1.0,0.6432
56,bosch_ltd_2023_2024,0.3277,1.0,0.4444,1.0,0.5,0.643
57,aarti_industries_ltd_2023_2024,0.4275,1.0,0.4444,0.7,1.0,0.643
58,manappuram_finance_ltd_2023_2024,0.3161,1.0,0.5556,0.7,1.0,0.6429
59,share_india_securities_ltd_2023_2024,0.3119,1.0,0.5556,0.7,1.0,0.6419
60,wipro_ltd_2023_2024,0.417,1.0,0.4444,0.7,1.0,0.6404
61,marathon_nextgen_realty_ltd_2023_2024,0.4125,1.0,0.4444,0.7,1.0,0.6392
62,kec_international_ltd_2023_2024,0.1981,0.6667,0.5556,1.0,1.0,0.6384
63,hindustan_unilever_ltd_2023_2024,0.3277,1.0,0.2222,1.0,1.0,0.6375
64,muthoot_finance_ltd_2023_2024,0.2937,1.0,0.5556,0.7,1.0,0.6373
65,great_eastern_shipping_coltd_2023_2024,0.3207,1.0,0.2222,1.0,1.0,0.6357
66,hariom_pipe_industries_ltd_2023_2024,0.397,1.0,0.4444,0.7,1.0,0.6354
67,dabur_india_ltd_2023_2024,0.1853,0.6667,0.5556,1.0,1.0,0.6352
68,hikal_ltd_2023_2024,0.4066,1.0,0.3333,1.0,0.5,0.635
69,coal_india_ltd_2023_2024,0.287,1.0,0.4444,0.8,1.0,0.6329
70,bajaj_auto_ltd_2023_2024,0.2842,1.0,0.4444,1.0,0.5,0.6322
71,pidilite_industries_ltd_2023_2024,0.3942,1.0,0.3333,1.0,0.5,0.6319
72,welspun_living_ltd_2023_2024,0.3789,1.0,0.4444,0.7,1.0,0.6308
73,jagsonpal_pharmaceuticals_ltd_2023_2024,0.3006,1.0,0.2222,1.0,1.0,0.6307
74,ultratech_cement_ltd_2023_2024,0.3755,1.0,0.4444,0.7,1.0,0.63
75,ramkrishna_forgings_ltd_2023_2024,0.3821,1.0,0.3333,1.0,0.5,0.6289
76,dcm_shriram_limited_2023_2024,0.3633,1.0,0.4444,0.7,1.0,0.6269
77,hindustan_petroleum_corporation_ltd_2023_2024,0.36,1.0,0.4444,0.7,1.0,0.6261
78,aia_engineering_ltd_2022_2023,0.2802,1.0,0.2222,1.0,1.0,0.6256
79,pvr_ltd_2021_2022,0.3906,1.0,0.1111,1.0,1.0,0.6254
80,gujarat_alkalies_chemicals_ltd_2023_2024,0.475,0.6667,0.2222,1.0,1.0,0.6243
81,indian_bank_2023_2024,0.3521,1.0,0.4444,0.7,1.0,0.6241
82,transport_corporation_of_india_ltd_2023_2024,0.3508,1.0,0.4444,0.7,1.0,0.6238
83,dhanuka_agritech_ltd_2023_2024,0.3505,1.0,0.4444,0.7,1.0,0.6237
84,canara_bank_2023_2024,0.3727,1.0,0.1111,1.0,1.0,0.621
85,sudarshan_chemical_industries_ltd_2023_2024,0.417,1.0,0.5556,0.7,0.5,0.6181
86,metro_brands_ltd_2023_2024,0.2276,0.6667,0.4444,1.0,1.0,0.618
87,jsw_steel_ltd_2023_2024,0.5396,1.0,0.2222,0.7,1.0,0.6155
88,abb_india_limited_2022_2023,0.417,1.0,0.4444,1.0,0.0,0.6154
89,aditya_birla_fashion_and_retail_ltd_2023_2024,0.3801,1.0,0.7778,0.7,0.0,0.6145
90,ltimindtree_ltd_2023_2024,0.3022,1.0,0.5556,0.8,0.5,0.6144
91,jsw_energy_ltd_2023_2024,0.4191,1.0,0.3333,0.7,1.0,0.6131
92,tata_consumer_products_ltd_2023_2024,0.4186,1.0,0.3333,0.7,1.0,0.613
93,tata_power_coltd_2023_2024,0.4154,1.0,0.3333,0.7,1.0,0.6122
94,pricol_ltd_2023_2024,0.4049,1.0,0.3333,0.7,1.0,0.6096
95,artemis_medicare_services_ltd_2023_2024,0.2912,1.0,0.4444,0.7,1.0,0.6089
96,iifl_finance_ltd_2023_2024,0.2951,0.6667,0.3333,1.0,1.0,0.6071
97,marico_ltd_2023_2024,0.3641,1.0,0.5556,0.5,1.0,0.6049
98,somany_ceramics_ltd_2023_2024,0.3613,1.0,0.5556,0.7,0.5,0.6042
99,sterling_tools_ltd_2023_2024,0.36,1.0,0.5556,0.7,0.5,0.6039
100,hitech_pipes_ltd_2023_2024,0.2705,1.0,0.4444,0.7,1.0,0.6037
101,kewal_kiran_clothing_ltd_2023_2024,0.3785,1.0,0.3333,0.7,1.0,0.603
102,capri_global_capital_limited_2023_2024,0.2162,0.7667,0.3333,1.0,1.0,0.6024
103,adani_ports_and_special_economic_zone_ltd_2023_2024,0.3727,1.0,0.3333,0.7,1.0,0.6015
104,mahindra_mahindra_ltd_2023_2024,0.38,1.0,0.2222,1.0,0.5,0.6006
105,tvs_motor_company_ltd_2023_2024,0.364,1.0,0.3333,0.7,1.0,0.5993
106,latent_view_analytics_ltd_2023_2024,0.2844,1.0,0.1111,1.0,1.0,0.5989
107,schaeffler india limited_2022_2023,0.3396,1.0,0.5556,0.7,0.5,0.5988
108,carysil_ltd_2023_2024,0.3607,1.0,0.3333,0.7,1.0,0.5985
109,rain_industries_ltd_2022_2023,0.3697,1.0,0.2222,1.0,0.5,0.598
110,jubilant_ingrevia_ltd_2023_2024,0.353,1.0,0.3333,0.7,1.0,0.5966
111,jubilant_pharmova_ltd_2023_2024,0.2189,1.0,0.6667,0.5,1.0,0.5964
112,ismt_ltd_2022_2023,0.2284,0.6667,0.5556,1.0,0.5,0.596
113,titan_company_limited_2023_2024,0.3456,1.0,0.3333,0.7,1.0,0.5947
114,grasim_industries_ltd_2023_2024,0.3456,1.0,0.3333,0.7,1.0,0.5947
115,butterfly_gandhimathi_appliances_ltd_2023_2024,0.2441,0.6667,0.3333,1.0,1.0,0.5944
116,s_h_kelkar_and_company_ltd_2023_2024,0.3413,1.0,0.3333,0.7,1.0,0.5937
117,gabriel_india_ltd_2023_2024,0.3366,1.0,0.3333,0.7,1.0,0.5925
118,havells_india_ltd_2022_2023,0.3247,1.0,0.4444,1.0,0.0,0.5923
119,gloster_ltd_2023_2024,0.2862,1.0,0.7778,0.3,1.0,0.591
120,reliance_infrastructure_ltd_2023_2024,0.3299,1.0,0.3333,0.7,1.0,0.5908
121,nhpc_ltd_2023_2024,0.2284,0.6667,0.3333,1.0,1.0,0.5904
122,schneider_electric_infrastructure_ltd_2023_2024,0.3144,1.0,0.4444,1.0,0.0,0.5897
123,kmc_speciality_hospitals_india_ltd_2023_2024,0.3232,1.0,0.3333,0.7,1.0,0.5891
124,amara_raja_energy_mobility_ltd_2023_2024,0.2989,1.0,0.5556,0.5,1.0,0.5886
125,uno_minda_ltd_2023_2024,0.4066,1.0,0.4444,0.5,1.0,0.5878
126,grindwell_norton_ltd_2023_2024,0.3487,1.0,0.0,1.0,1.0,0.5872
127,bharat_dynamics_ltd_2023_2024,0.4039,1.0,0.4444,0.7,0.5,0.5871
128,brigade_enterprises_ltd_2023_2024,0.287,1.0,0.5556,0.5,1.0,0.5856
129,kirloskar_oil_engines_ltd_2023_2024,0.3909,1.0,0.4444,0.5,1.0,0.5838
130,dcm_shriram_industries_ltd_2023_2024,0.2711,1.0,0.5556,0.5,1.0,0.5817
131,vst_industries_ltd_2023_2024,0.2924,1.0,0.3333,0.7,1.0,0.5814
132,3m_india_ltd_2023_2024,0.2681,1.0,0.5556,0.5,1.0,0.5809
133,lakshmi_machine_works_ltd_2023_2024,0.6,1.0,0.2222,0.7,0.5,0.5806
134,aptus_value_housing_finance_india_ltd_2023_2024,0.3622,1.0,0.4444,0.5,1.0,0.5767
135,bcl_industries_ltd_2023_2024,0.36,1.0,0.4444,0.5,1.0,0.5761
136,sansera_engineering_ltd_2023_2024,0.3736,1.0,0.2222,0.7,1.0,0.574
137,granules_india_ltd_2023_2024,0.2368,1.0,0.5556,0.5,1.0,0.5731
138,udaipur_cement_works_ltd_2023_2024,0.3695,1.0,0.2222,0.7,1.0,0.5729
139,ashoka_buildcon_ltd_2023_2024,0.2335,1.0,0.5556,0.5,1.0,0.5723
140,360_one_wam_ltd_2023_2024,0.3441,1.0,0.4444,0.7,0.5,0.5721
141,rattanindia_power_limited_2023_2024,0.3641,1.0,0.2222,0.7,1.0,0.5716
142,indus_towers_ltd_2023_2024,0.3416,1.0,0.4444,0.5,1.0,0.5715
143,mrf_ltd_2023_2024,0.3628,1.0,0.2222,0.7,1.0,0.5712
144,gujarat_fluorochemicals_ltd_2023_2024,0.3618,1.0,0.2222,0.7,1.0,0.571
145,vmart_retail_ltd_2023_2024,0.3139,1.0,0.6667,0.7,0.0,0.5701
146,united_spirits_ltd_2023_2024,0.3126,1.0,0.6667,0.3,1.0,0.5698
147,prism_johnson_ltd_2023_2024,0.2569,0.6667,0.2222,1.0,1.0,0.5698
148,the_phoenix_mills_ltd_2023_2024,0.3566,1.0,0.2222,0.7,1.0,0.5697
149,ion_exchange_india_ltd_2023_2024,0.3119,1.0,0.6667,0.3,1.0,0.5696
150,wardwizard_innovations_mobility_ltd_2023_2024,0.4669,1.0,0.1111,0.7,1.0,0.5695
151,paras_defence_and_space_technologies_ltd_2023_2024,0.2162,0.6667,0.5556,0.7,1.0,0.5679
152,adani_total_gas_ltd_2023_2024,0.3487,1.0,0.2222,0.7,1.0,0.5677
153,epl_ltd_2023_2024,0.2368,1.0,0.3333,0.7,1.0,0.5675
154,bayer_cropscience_ltd_2023_2024,0.3231,1.0,0.4444,0.7,0.5,0.5669
155,glaxosmithkline_pharmaceuticals_ltd_2023_2024,0.2171,0.6667,0.4444,1.0,0.5,0.5654
156,petronet_lng_ltd_2023_2024,0.3171,1.0,0.4444,0.5,1.0,0.5654
157,star_cement_ltd_2023_2024,0.3128,1.0,0.4444,0.5,1.0,0.5643
158,colgatepalmolive_india_ltd_2023_2024,0.3126,1.0,0.4444,0.5,1.0,0.5643
159,sterlite_technologies_ltd_2023_2024,0.421,1.0,0.3333,0.7,0.5,0.5636
160,sjs_enterprises_ltd_2023_2024,0.2862,1.0,0.6667,0.3,1.0,0.5632
161,sadhana_nitrochem_ltd_2023_2024,0.3276,1.0,0.2222,0.7,1.0,0.5624
162,ptc_industries_ltd_2023_2024,0.2824,1.0,0.6667,0.3,1.0,0.5623
163,redtape_ltd_2023_2024,0.2031,0.6667,0.4444,1.0,0.5,0.5619
164,dilip_buildcon_ltd_2023_2024,0.2802,1.0,0.6667,0.3,1.0,0.5617
165,greenlam_industries_ltd_2023_2024,0.4971,1.0,0.4444,0.3,1.0,0.5604
166,adani_enterprises_ltd_2023_2024,0.2717,1.0,0.6667,0.3,1.0,0.5596
167,jbm_auto_ltd_2023_2024,0.2714,1.0,0.6667,0.5,0.5,0.5595
168,happy_forgings_ltd_2023_2024,0.2951,0.6667,0.3333,1.0,0.5,0.5571
169,westlife_foodworld_ltd_2023_2024,0.2815,1.0,0.4444,0.7,0.5,0.5565
170,meghmani_organics_ltd_2023_2024,0.2563,1.0,0.6667,0.3,1.0,0.5557
171,bank_of_baroda_2023_2024,0.2862,1.0,0.3333,1.0,0.0,0.5549
172,kirloskar_pneumatic_coltd_2023_2024,0.1927,0.7667,0.6667,0.5,1.0,0.5548
173,glenmark_life_sciences_ltd_2023_2024,0.1707,0.6667,0.4444,0.8,1.0,0.5538
174,titagarh_rail_systems_ltd_2023_2024,0.2698,1.0,0.4444,0.5,1.0,0.5536
175,grm_overseas_ltd_2023_2024,0.3583,1.0,0.5556,0.3,1.0,0.5535
176,surya_roshni_ltd_2023_2024,0.3535,1.0,0.5556,0.7,0.0,0.5523
177,indian_railway_catering_and_tourism_corporation_ltd_2023_2024,0.2645,0.6667,0.4444,0.7,1.0,0.5522
178,gail_india_ltd_2023_2024,0.3505,1.0,0.5556,0.3,1.0,0.5515
179,mahanagar_gas_ltd_2023_2024,0.2012,0.7667,0.4444,0.7,1.0,0.5514
180,gopal_snacks_ltd_2023_2024,0.3474,1.0,0.5556,0.3,1.0,0.5507
181,morepen_laboratories_ltd_2023_2024,0.3474,1.0,0.5556,0.3,1.0,0.5507
182,amber_enterprises_india_ltd_2023_2024,0.3417,1.0,0.5556,0.3,1.0,0.5493
183,bank_of_maharashtra_2023_2024,0.3411,1.0,0.5556,0.7,0.0,0.5492
184,tide_water_oil_india_ltd_2023_2024,0.3823,1.0,0.1111,0.7,1.0,0.5484
185,sbi_cards_and_payment_services_ltd_2023_2024,0.334,1.0,0.5556,0.3,1.0,0.5474
186,emami_ltd_2023_2024,0.2213,1.0,0.6667,0.3,1.0,0.547
187,gujarat_mineral_development_corporation_ltd_2022_2023,0.332,1.0,0.5556,0.3,1.0,0.5469
188,tinplate_company_of_india_ltd_2022_2023,0.2389,0.6667,0.4444,0.7,1.0,0.5458
189,tega_industries_ltd_2023_2024,0.3262,1.0,0.5556,0.3,1.0,0.5454
190,larsen_toubro_ltd_2023_2024,0.3225,1.0,0.5556,0.7,0.0,0.5445
191,jk_lakshmi_cement_ltd_2023_2024,0.3441,1.0,0.3333,0.7,0.5,0.5444
192,gandhar_oil_refinery_india_ltd_2023_2024,0.2651,0.6667,0.1111,1.0,1.0,0.5441
193,axita_cotton_ltd_2022_2023,0.3119,1.0,0.5556,0.3,1.0,0.5419
194,nrb_bearings_ltd_2023_2024,0.3119,1.0,0.5556,0.3,1.0,0.5419
195,jk_tyre_industries_ltd_2023_2024,0.3323,1.0,0.3333,0.5,1.0,0.5414
196,oriental_carbon_chemicals_ltd_2023_2024,0.4194,1.0,0.4444,0.3,1.0,0.541
197,the new india assurance compan_brsr2023,0.2284,0.6667,0.3333,1.0,0.5,0.5404
198,ami_organics_ltd_2023_2024,0.2162,0.6667,0.4444,0.7,1.0,0.5402
199,himadri_speciality_chemical_ltd_2023_2024,0.3022,1.0,0.5556,0.3,1.0,0.5394
200,ncc_limited_2022_2023,0.1894,1.0,0.6667,0.3,1.0,0.539
201,heranba_industries_ltd_2023_2024,0.4088,1.0,0.4444,0.3,1.0,0.5383
202,endurance_technologies_ltd_2023_2024,0.2976,1.0,0.5556,0.3,1.0,0.5383
203,aurobindo_pharma_ltd_2023_2024,0.2972,1.0,0.5556,0.5,0.5,0.5382
204,andhra_paper_ltd_2023_2024,0.2958,1.0,0.5556,0.3,1.0,0.5378
205,coforge limited_brsr2023,0.3177,1.0,0.3333,0.5,1.0,0.5377
206,info_edge_india_ltd_2023_2024,0.2937,1.0,0.5556,0.3,1.0,0.5373
207,monarch_networth_capital_ltd_2023_2024,0.2931,1.0,0.5556,0.3,1.0,0.5372
208,varroc_engineering_ltd_2023_2024,0.182,0.6667,0.6667,0.5,1.0,0.5372
209,hcl_technologies_ltd_2023_2024,0.3128,1.0,0.3333,0.5,1.0,0.5365
210,adani_energy_solutions_ltd_2023_2024,0.1754,1.0,0.6667,0.5,0.5,0.5355
211,rhi_magnesita_india_ltd_2023_2024,0.2854,1.0,0.5556,0.3,1.0,0.5352
212,tube_investments_of_india_ltd_2023_2024,0.2056,0.6667,0.3333,0.8,1.0,0.5347
213,voltamp_transformers_ltd_2023_2024,0.2823,1.0,0.5556,0.3,1.0,0.5345
214,mahindra_holidays_resorts_india_ltd_2023_2024,0.2823,1.0,0.5556,0.3,1.0,0.5345
215,indian_oil_corporation_ltd_2023_2024,0.1709,1.0,0.6667,0.3,1.0,0.5344
216,tci_express_ltd_2023_2024,0.1668,1.0,0.6667,0.3,1.0,0.5334
217,tata_metaliks_ltd_2022_2023,0.1652,1.0,0.6667,0.3,1.0,0.533
218,restaurant_brands_asia_ltd_2023_2024,0.4096,1.0,0.2222,0.5,1.0,0.533
219,life_insurance_corporation_of_india_2023_2024,0.1981,0.6667,0.3333,1.0,0.5,0.5329
220,dynamatic_technologies_ltd_2023_2024,0.3869,1.0,0.4444,0.3,1.0,0.5328
221,tanfac_industries_ltd_2023_2024,0.2735,1.0,0.5556,0.3,1.0,0.5323
222,archean_chemical_industries_ltd_2023_2024,0.2951,0.6667,0.3333,0.7,1.0,0.5321
223,andrew_yule_company_ltd_2023_2024,0.2698,1.0,0.5556,0.3,1.0,0.5313
224,samvardhana_motherson_international_ltd_2023_2024,0.2681,1.0,0.5556,0.3,1.0,0.5309
225,mahindra_lifespace_developers_ltd_2023_2024,0.3991,1.0,0.2222,0.7,0.5,0.5303
226,stylam_industries_limited_2023_2024,0.2641,1.0,0.5556,0.3,1.0,0.5299
227,ceat_ltd_2023_2024,0.2951,0.6667,0.2222,1.0,0.5,0.5293
228,nlc_india_ltd_2023_2024,0.2616,1.0,0.5556,0.3,1.0,0.5293
229,solara_active_pharma_sciences_ltd_2023_2024,0.2823,1.0,0.3333,0.7,0.5,0.5289
230,tata_chemicals_ltd_2023_2024,0.1515,0.6667,0.5556,1.0,0.0,0.5268
231,tata_communications_ltd_2023_2024,0.2503,1.0,0.5556,0.3,1.0,0.5265
232,astec_lifesciences_limited_2023_2024,0.2503,1.0,0.5556,0.3,1.0,0.5265
233,kpit_technologies_ltd_2023_2024,0.2711,1.0,0.3333,0.5,1.0,0.5261
234,shree_cement_ltd_2023_2024,0.3527,1.0,0.4444,0.3,1.0,0.5243
235,medplus_health_services_ltd_2023_2024,0.3651,1.0,0.2222,0.7,0.5,0.5218
236,dmcc_speciality_chemicals_ltd_2023_2024,0.3417,1.0,0.4444,0.3,1.0,0.5215
237,moldtek_packaging_limited_2023_2024,0.2515,1.0,0.3333,0.5,1.0,0.5212
238,zydus_lifesciences_ltd_2023_2024,0.2515,1.0,0.3333,0.7,0.5,0.5212
239,crisil_ltd_2022_2023,0.2284,0.6667,0.5556,0.7,0.5,0.521
240,supriya_lifescience_ltd_2023_2024,0.2503,0.6667,0.3333,0.7,1.0,0.5209
241,itd_cementation_india_ltd_2023_2024,0.36,1.0,0.2222,0.7,0.5,0.5205
242,orchid_pharma_ltd_2023_2024,0.3366,1.0,0.4444,0.3,1.0,0.5203
243,igarashi_motors_india_ltd_2023_2024,0.3366,1.0,0.4444,0.3,1.0,0.5203
244,ganesh_housing_corporation_ltd_2023_2024,0.38,1.0,0.0,0.7,1.0,0.52
245,mahindra_mahindra_financial_services_ltd_2023_2024,0.3353,1.0,0.4444,0.7,0.0,0.5199
246,sapphire_foods_india_ltd_2023_2024,0.334,1.0,0.4444,0.3,1.0,0.5196
247,sagar_cements_ltd_2023_2024,0.475,0.6667,0.0,1.0,0.5,0.5188
248,adani_green_energy_ltd_2023_2024,0.2189,1.0,0.5556,0.3,1.0,0.5186
249,bharat_bijlee_ltd_2023_2024,0.2184,1.0,0.5556,0.3,1.0,0.5185
250,bank_of_india_2023_2024,0.3262,1.0,0.4444,0.3,1.0,0.5177
251,pds_ltd_2023_2024,0.3232,1.0,0.4444,0.3,1.0,0.5169
252,cholamandalam_financial_holdings_ltd_2023_2024,0.2056,1.0,0.5556,0.3,1.0,0.5153
253,privi_speciality_chemicals_ltd_2023_2024,0.425,1.0,0.3333,0.3,1.0,0.5146
254,sree_rayalaseema_histrength_hypo_ltd_2023_2024,0.3119,1.0,0.4444,0.3,1.0,0.5141
255,va_tech_wabag_ltd_2023_2024,0.1954,1.0,0.5556,0.3,1.0,0.5127
256,faze_three_ltd_2023_2024,0.217,1.0,0.3333,0.5,1.0,0.5126
257,astec lifesciences limited_brsr2023,0.1934,1.0,0.5556,0.3,1.0,0.5122
258,godrej_agrovet_ltd_2023_2024,0.1934,1.0,0.5556,0.3,1.0,0.5122
259,kirloskar_ferrous_industries_ltd_2022_2023,0.3262,1.0,0.2222,0.5,1.0,0.5121
260,shriram_finance_ltd_2023_2024,0.3262,0.6667,0.2222,0.7,1.0,0.5121
261,sammaan_capital_ltd_2023_2024,0.1924,1.0,0.5556,0.3,1.0,0.512
262,laxmi_organic_industries_ltd_2023_2024,0.1924,0.6667,0.5556,0.5,1.0,0.512
263,navin_fluorine_international_limited_2023_2024,0.1846,1.0,0.5556,0.3,1.0,0.51
264,mrs_bectors_food_specialities_ltd_2023_2024,0.293,1.0,0.4444,0.3,1.0,0.5094
265,rail_vikas_nigam_ltd_2023_2024,0.2931,1.0,0.4444,0.3,1.0,0.5094
266,berger_paints_india_ltd_2023_2024,0.4,1.0,0.3333,0.3,1.0,0.5083
267,kaveri_seed_company_ltd_2023_2024,0.2826,1.0,0.4444,0.3,1.0,0.5068
268,coforge_ltd_2023_2024,0.2823,1.0,0.4444,0.3,1.0,0.5067
269,eclerx_services_ltd_2023_2024,0.171,1.0,0.5556,0.3,1.0,0.5066
270,oil_and_natural_gas_corporation_ltd_2023_2024,0.1803,1.0,0.4444,0.8,0.0,0.5062
271,pnb_housing_finance_ltd_2023_2024,0.1912,0.6667,0.3333,0.7,1.0,0.5061
272,triveni_engineering_industries_ltd_2023_2024,0.2463,1.0,0.7778,0.0,1.0,0.506
273,motherson_sumi_wiring_india_ltd_2023_2024,0.1668,1.0,0.5556,0.3,1.0,0.5056
274,zydus_wellness_ltd_2023_2024,0.1981,0.6667,0.2222,1.0,0.5,0.5051
275,jubilant_foodworks_ltd_2023_2024,0.4971,1.0,0.2222,0.3,1.0,0.5048
276,birlasoft_ltd_2023_2024,0.3854,1.0,0.3333,0.5,0.5,0.5047
277,usha_martin_ltd_2023_2024,0.1629,0.6667,0.5556,0.5,1.0,0.5046
278,adani_power_ltd_2023_2024,0.161,1.0,0.5556,0.3,1.0,0.5041
279,prestige_estates_projects_ltd_2023_2024,0.2368,1.0,0.7778,0.0,1.0,0.5037
280,genus_power_infrastructures_ltd_2023_2024,0.2698,1.0,0.4444,0.3,1.0,0.5036
281,icici_lombard_general_insurance_company_ltd_2023_2024,0.2698,1.0,0.4444,0.3,1.0,0.5036
282,godfrey_phillips_india_ltd_2023_2024,0.2681,1.0,0.4444,0.3,1.0,0.5031
283,sarda_energy_minerals_ltd_2023_2024,0.3785,1.0,0.3333,0.7,0.0,0.503
284,tgv_sraac_ltd_2023_2024,0.267,1.0,0.4444,0.3,1.0,0.5029
285,hindustan_construction_coltd_2023_2024,0.2632,1.0,0.4444,0.3,1.0,0.5019
286,godrej_consumer_products_ltd_2023_2024,0.2823,1.0,0.2222,0.5,1.0,0.5011
287,reliance_power_ltd_2023_2024,0.3695,1.0,0.3333,0.7,0.0,0.5007
288,kaynes_technology_india_ltd_2023_2024,0.5,1.0,0.0,0.5,1.0,0.5
289,control_print_ltd_2023_2024,0.2534,1.0,0.4444,0.3,1.0,0.4995
290,gujarat_ambuja_exports_ltd_2023_2024,0.3641,1.0,0.3333,0.3,1.0,0.4994
291,cera_sanitaryware_ltd_2023_2024,0.2525,1.0,0.4444,0.3,1.0,0.4992
292,black_box_ltd_2023_2024,0.2525,1.0,0.4444,0.3,1.0,0.4992
293,century_plyboards_i_ltd_2023_2024,0.2503,1.0,0.4444,0.3,1.0,0.4987
294,astra_microwave_products_ltd_2023_2024,0.2651,0.6667,0.2222,0.7,1.0,0.4968
295,arvind_ltd_2023_2024,0.3314,1.0,0.5556,0.3,0.5,0.4967
296,electronics_mart_india_ltd_2023_2024,0.24,1.0,0.4444,0.3,1.0,0.4961
297,techno_electric_engineering_company_ltd_2023_2024,0.2389,1.0,0.4444,0.3,1.0,0.4958
298,home_first_finance_company_india_ltd_2023_2024,0.3474,1.0,0.3333,0.7,0.0,0.4952
299,ganesh_benzoplast_ltd_2023_2024,0.3128,1.0,0.6667,0.0,1.0,0.4949
300,mitsu_chem_plast_ltd_2023_2024,0.3128,1.0,0.6667,0.0,1.0,0.4949
301,mayur_uniquoters_ltd_2023_2024,0.375,0.6667,0.0,0.8,1.0,0.4938
302,bata_india_ltd_2023_2024,0.375,0.6667,0.0,0.8,1.0,0.4938
303,tata_elxsi_ltd_2023_2024,0.341,1.0,0.3333,0.7,0.0,0.4936
304,macrotech_developers_ltd_2023_2024,0.2284,0.6667,0.4444,0.7,0.5,0.4932
305,motilal_oswal_financial_services_ltd_2023_2024,0.228,1.0,0.4444,0.3,1.0,0.4931
306,jkumar_infraprojects_ltd_2023_2024,0.3156,1.0,0.5556,0.5,0.0,0.4928
307,anupam_rasayan_india_ltd_2023_2024,0.2208,1.0,0.4444,0.3,1.0,0.4913
308,jkcement_ltd_2023_2024,0.2189,1.0,0.4444,0.3,1.0,0.4908
309,jagran_prakashan_ltd_2023_2024,0.2184,1.0,0.4444,0.3,1.0,0.4907
310,thyrocare_technologies_ltd_2023_2024,0.2162,0.6667,0.4444,0.7,0.5,0.4902
311,prakash_industries_ltd_2023_2024,0.3488,1.0,0.1111,0.5,1.0,0.49
312,max_healthcare_institute_ltd_2023_2024,0.2113,1.0,0.4444,0.3,1.0,0.4889
313,rallis_india_ltd_2023_2024,0.3221,1.0,0.3333,0.3,1.0,0.4889
314,esab_india_ltd_2023_2024,0.2113,1.0,0.4444,0.3,1.0,0.4889
315,steelcast_ltd_2023_2024,0.3219,1.0,0.3333,0.3,1.0,0.4888
316,kpr_mill_limited_2023_2024,0.2284,0.6667,0.2222,0.7,1.0,0.4877
317,monte_carlo_fashions_ltd_2023_2024,0.2056,1.0,0.4444,0.3,1.0,0.4875
318,tata_consultancy_services_ltd_2023_2024,0.3119,1.0,0.3333,0.3,1.0,0.4863
319,ajanta_pharma_ltd_2023_2024,0.3119,1.0,0.3333,0.3,1.0,0.4863
320,rainbow_childrens_medicare_ltd_2023_2024,0.1989,1.0,0.4444,0.3,1.0,0.4858
321,indian_energy_exchange_ltd_2023_2024,0.1981,0.6667,0.4444,0.7,0.5,0.4856
322,sharda_cropchem_ltd_2023_2024,0.307,1.0,0.3333,0.3,1.0,0.4851
323,natco_pharma_ltd_2023_2024,0.1924,1.0,0.4444,0.3,1.0,0.4842
324,cummins_india_ltd_2023_2024,0.1629,0.6667,0.6667,0.5,0.5,0.4824
325,shaily_engineering_plastics_ltd_2023_2024,0.1846,1.0,0.4444,0.3,1.0,0.4823
326,hdfc_life_insurance_company_ltd_2023_2024,0.293,1.0,0.3333,0.3,1.0,0.4816
327,apar_industries_ltd_2023_2024,0.293,1.0,0.3333,0.3,1.0,0.4816
328,tata_investment_corporation_ltd_2023_2024,0.293,1.0,0.3333,0.3,1.0,0.4816
329,rupa_company_ltd_2023_2024,0.4039,1.0,0.2222,0.3,1.0,0.4815
330,hpl_electric_power_ltd_2023_2024,0.4,1.0,0.2222,0.3,1.0,0.4806
331,creditaccess_grameen_ltd_2023_2024,0.4,0.6667,0.2222,0.5,1.0,0.4806
332,kennametal india ltd._brsr2023,0.3107,0.6667,0.1111,0.7,1.0,0.4804
333,interglobe_aviation_ltd_2023_2024,0.3107,0.6667,0.1111,0.7,1.0,0.4804
334,greaves_cotton_ltd_2023_2024,0.2515,1.0,0.6667,0.0,1.0,0.4795
335,insolation_energy_ltd_2023_2024,0.3,0.7667,0.4444,0.3,1.0,0.4761
336,sangam_india_ltd_2023_2024,0.3806,1.0,0.2222,0.7,0.0,0.4757
337,timken_india_ltd_2023_2024,0.2651,0.6667,0.3333,0.7,0.5,0.4746
338,narayana_hrudayalaya_ltd_2023_2024,0.2645,1.0,0.3333,0.3,1.0,0.4745
339,west_coast_paper_mills_ltd_2023_2024,0.3413,1.0,0.5556,0.0,1.0,0.4742
340,navneet_education_limited_2023_2024,0.2276,1.0,0.6667,0.0,1.0,0.4736
341,torrent_power_ltd_2023_2024,0.1252,0.6667,0.6667,0.3,1.0,0.473
342,sequent_scientific_ltd_2023_2024,0.1462,0.6667,0.4444,0.5,1.0,0.4727
343,repco_home_finance_ltd_2023_2024,0.2569,0.6667,0.3333,0.7,0.5,0.4726
344,senco_gold_ltd_2023_2024,0.2546,1.0,0.3333,0.3,1.0,0.472
345,media_matrix_worldwide_ltd_2023_2024,0.2485,1.0,0.3333,0.3,1.0,0.4705
346,siyaram_silk_mills_ltd_2023_2024,0.3257,1.0,0.5556,0.0,1.0,0.4703
347,puravankara_ltd_2023_2024,0.2698,1.0,0.1111,0.5,1.0,0.4702
348,global_health_ltd_2023_2024,0.2463,1.0,0.3333,0.7,0.0,0.4699
349,sobha_limited_2023_2024,0.275,0.7667,0.4444,0.3,1.0,0.4699
350,gujarat_gas_ltd_2023_2024,0.2085,1.0,0.6667,0.0,1.0,0.4688
351,krsnaa_diagnostics_ltd_2023_2024,0.2372,1.0,0.3333,0.3,1.0,0.4676
352,johnson_controlshitachi_air_conditioning_india_ltd_2023_2024,0.1147,0.0,0.5556,1.0,0.5,0.4676
353,biocon_ltd_2023_2024,0.3474,1.0,0.2222,0.3,1.0,0.4674
354,bharat_forge_ltd_2023_2024,0.3128,1.0,0.5556,0.0,1.0,0.4671
355,sundaramclayton_ltd_2023_2024,0.2294,1.0,0.3333,0.3,1.0,0.4657
356,india_pesticides_ltd_2023_2024,0.2284,0.6667,0.3333,0.7,0.5,0.4654
357,sandhar_technologies_ltd_2023_2024,0.228,1.0,0.3333,0.3,1.0,0.4653
358,icici_securities_ltd_2023_2024,0.228,1.0,0.3333,0.3,1.0,0.4653
359,uti_asset_management_company_ltd_2023_2024,0.3018,1.0,0.5556,0.0,1.0,0.4643
360,zf_commercial_vehicle_control_systems_india_ltd_2023_2024,0.2232,0.6667,0.3333,0.5,1.0,0.4641
361,orient_cement_ltd_2023_2024,0.3119,1.0,0.4444,0.3,0.5,0.4641
362,yes_bank_ltd_2023_2024,0.3006,1.0,0.5556,0.0,1.0,0.464
363,national_fertilizers_ltd_2023_2024,0.2437,1.0,0.1111,0.5,1.0,0.4637
364,bharti_airtel_ltd_2023_2024,0.1989,1.0,0.5556,0.3,0.5,0.4636
365,nesco_ltd_2023_2024,0.2189,1.0,0.3333,0.3,1.0,0.4631
366,alkem_laboratories_ltd_2023_2024,0.2189,1.0,0.3333,0.3,1.0,0.4631
367,kuantum_papers_ltd_2023_2024,0.2184,1.0,0.3333,0.3,1.0,0.4629
368,jupiter_wagons_ltd_2023_2024,0.2184,1.0,0.3333,0.3,1.0,0.4629
369,bharti_hexacom_ltd_2023_2024,0.1939,1.0,0.5556,0.3,0.5,0.4624
370,dwarikesh_sugar_industries_ltd_2023_2024,0.1927,0.6667,0.5556,0.5,0.5,0.4621
371,shree_pushkar_chemicals_fertilisers_ltd_2023_2024,0.1803,1.0,0.6667,0.0,1.0,0.4618
372,sanofi_india_ltd_2022_2023,0.0902,0.0,0.5556,1.0,0.5,0.4614
373,indian_hotels_coltd_2023_2024,0.2063,0.6667,0.3333,0.7,0.5,0.4599
374,balaji_amines_ltd_2023_2024,0.2056,1.0,0.3333,0.3,1.0,0.4597
375,sigachi_industries_ltd_2023_2024,0.2056,1.0,0.3333,0.3,1.0,0.4597
376,finolex_cables_ltd_2023_2024,0.1707,1.0,0.6667,0.0,1.0,0.4593
377,hma_agro_industries_ltd_2023_2024,0.3126,1.0,0.2222,0.3,1.0,0.4587
378,icra_ltd_2023_2024,0.2791,1.0,0.5556,0.0,1.0,0.4587
379,vedant_fashions_ltd_2023_2024,0.2791,1.0,0.5556,0.0,1.0,0.4587
380,wonderla_holidays_ltd_2023_2024,0.1194,0.7667,0.5556,0.3,1.0,0.4587
381,huhtamaki_india_ltd_2022_2023,0.2705,1.0,0.5556,0.0,1.0,0.4565
382,sindhu_trade_links_limited_2023_2024,0.182,1.0,0.3333,0.3,1.0,0.4538
383,godrej_properties_ltd_2023_2024,0.1564,0.6667,0.5556,0.5,0.5,0.453
384,fischer_medical_ventures_ltd_2023_2024,0.3607,1.0,0.4444,0.0,1.0,0.4513
385,multi_commodity_exchange_of_india_ltd_2023_2024,0.1707,0.6667,0.3333,0.5,1.0,0.451
386,wendt_india_ltd_2023_2024,0.161,1.0,0.3333,0.3,1.0,0.4486
387,eki_energy_services_ltd_2023_2024,0.3488,1.0,0.4444,0.0,1.0,0.4483
388,hatsun_agro_product_ltd_2023_2024,0.2711,1.0,0.2222,0.3,1.0,0.4483
389,piramal_enterprises_ltd_2023_2024,0.1322,0.6667,0.5556,0.3,1.0,0.447
390,clean_science_and_technology_ltd_2023_2024,0.1322,0.6667,0.5556,0.3,1.0,0.447
391,paradeep_phosphates_ltd_2023_2024,0.2641,1.0,0.2222,0.3,1.0,0.4466
392,dodla_dairy_ltd_2023_2024,0.3727,1.0,0.1111,0.3,1.0,0.446
393,ems_ltd_2023_2024,0.2276,1.0,0.5556,0.0,1.0,0.4458
394,venus_pipes_tubes_ltd_2023_2024,0.2276,1.0,0.5556,0.0,1.0,0.4458
395,cartrade_tech_ltd_2023_2024,0.2276,1.0,0.5556,0.0,1.0,0.4458
396,capacite_infraprojects_ltd_2023_2024,0.2382,1.0,0.4444,0.3,0.5,0.4457
397,dredging_corporation_of_india_ltd_2023_2024,0.1251,0.6667,0.5556,0.3,1.0,0.4452
398,satia_industries_ltd_2023_2024,0.1194,0.6667,0.5556,0.3,1.0,0.4437
399,rama_steel_tubes_ltd_2023_2024,0.475,0.6667,0.0,0.7,0.5,0.4437
400,torrent_pharmaceuticals_ltd_2023_2024,0.1409,0.3333,0.3333,0.7,1.0,0.4435
401,jtl_industries_ltd_2023_2024,0.2171,1.0,0.5556,0.0,1.0,0.4432
402,nuvoco_vistas_corporation_ltd_2023_2024,0.2485,1.0,0.2222,0.3,1.0,0.4427
403,lgbalakrishnan_brosltd_2023_2024,0.1147,0.6667,0.5556,0.3,1.0,0.4426
404,5paisa_capital_ltd_2022_2023,0.233,0.6667,0.2222,0.5,1.0,0.4388
405,chambal_fertilisers_chemicals_ltd_2023_2024,0.2047,1.0,0.4444,0.3,0.5,0.4373
406,sjvn_ltd_2023_2024,0.1927,1.0,0.5556,0.0,1.0,0.4371
407,hfcl_ltd_2023_2024,0.3018,1.0,0.4444,0.0,1.0,0.4366
408,mindtree_ltd_2021_2022,0.2232,1.0,0.2222,0.3,1.0,0.4364
409,garware_technical_fibres_ltd_2023_2024,0.2232,1.0,0.2222,0.3,1.0,0.4364
410,persistent_systems_ltd_2023_2024,0.334,1.0,0.1111,0.3,1.0,0.4363
411,jai_balaji_industries_ltd_2023_2024,0.3262,1.0,0.1111,0.3,1.0,0.4343
412,omaxe_ltd_2023_2024,0.1322,0.7667,0.4444,0.3,1.0,0.4342
413,bharat_heavy_electricals_ltd_2023_2024,0.1322,0.7667,0.4444,0.3,1.0,0.4342
414,lt_foods_ltd_2023_2024,0.2113,1.0,0.2222,0.3,1.0,0.4334
415,rpsg_ventures_ltd_2023_2024,0.1252,0.7667,0.4444,0.3,1.0,0.4324
416,nelco_ltd_2023_2024,0.1846,1.0,0.4444,0.3,0.5,0.4323
417,coromandel_international_ltd_2023_2024,0.2056,1.0,0.2222,0.3,1.0,0.4319
418,seshasayee_paper_boards_ltd_2023_2024,0.2056,1.0,0.2222,0.3,1.0,0.4319
419,irb_infrastructure_developers_ltd_2023_2024,0.182,0.6667,0.4444,0.5,0.5,0.4316
420,texmaco_rail_engineering_ltd_2023_2024,0.1707,1.0,0.5556,0.0,1.0,0.4316
421,gujarat_state_fertilizers_chemicals_ltd_2023_2024,0.2791,1.0,0.4444,0.0,1.0,0.4309
422,idfc_first_bank_ltd_2023_2024,0.2791,1.0,0.4444,0.0,1.0,0.4309
423,arvind_smartspaces_ltd_2023_2024,0.2714,1.0,0.4444,0.0,1.0,0.429
424,authum_investment_infrastructure_ltd_2023_2024,0.1709,0.6667,0.4444,0.3,1.0,0.4288
425,cie_automotive_india_ltd_2022_2023,0.1683,0.3333,0.4444,0.7,0.5,0.4282
426,tarsons_products_ltd_2023_2024,0.275,0.6667,0.3333,0.3,1.0,0.4271
427,ask_automotive_ltd_2023_2024,0.275,0.6667,0.3333,0.3,1.0,0.4271
428,vsttillers_tractors_ltd_2023_2024,0.375,1.0,0.3333,0.0,1.0,0.4271
429,varun_beverages_ltd_2022_2023,0.293,1.0,0.1111,0.3,1.0,0.426
430,alicon_castalloy_limited_2023_2024,0.2698,1.0,0.3333,0.3,0.5,0.4258
431,rategain_travel_technologies_ltd_2023_2024,0.1803,0.6667,0.2222,0.5,1.0,0.4256
432,lumax_auto_technologies_ltd_2023_2024,0.2569,1.0,0.4444,0.0,1.0,0.4253
433,hil_ltd_2023_2024,0.1564,0.6667,0.4444,0.5,0.5,0.4252
434,apollo_pipes_ltd_2023_2024,0.1553,0.0,0.4444,0.7,1.0,0.4249
435,capital_india_finance_ltd_2023_2024,0.3413,1.0,0.5556,0.0,0.5,0.4242
436,dixon_technologies_india_ltd_2023_2024,0.2515,1.0,0.4444,0.0,1.0,0.424
437,sharda_motor_industries_ltd_2023_2024,0.2276,1.0,0.6667,0.0,0.5,0.4236
438,procter_gamble_health_ltd_2022_2023,0.3883,1.0,0.0,0.5,0.5,0.4221
439,gillette_india_ltd_2022_2023,0.3883,1.0,0.0,0.5,0.5,0.4221
440,procter_gamble_hygiene_health_care_ltd_2022_2023,0.3883,1.0,0.0,0.5,0.5,0.4221
441,tanla_platforms_ltd_2023_2024,0.1421,0.6667,0.4444,0.5,0.5,0.4216
442,updater_services_ltd_2023_2024,0.1413,0.6667,0.4444,0.3,1.0,0.4214
443,mishra_dhatu_nigam_ltd_2023_2024,0.1413,0.6667,0.4444,0.3,1.0,0.4214
444,transpek_industry_ltd_2023_2024,0.2503,1.0,0.3333,0.3,0.5,0.4209
445,suven_pharmaceuticals_ltd_2023_2024,0.2698,1.0,0.1111,0.3,1.0,0.4202
446,astrazeneca_pharma_india_ltd_2023_2024,0.2651,0.6667,0.1111,0.7,0.5,0.4191
447,ce_info_systems_ltd_2023_2024,0.1398,0.0,0.3333,1.0,0.5,0.4183
448,bandhan_bank_ltd_2023_2024,0.1252,0.6667,0.4444,0.3,1.0,0.4174
449,allcargo_logistics_ltd_2023_2024,0.3107,1.0,0.5556,0.0,0.5,0.4166
450,iifl_securities_ltd_2023_2024,0.233,0.6667,0.3333,0.5,0.5,0.4166
451,whirlpool_of_india_ltd_2023_2024,0.1194,0.6667,0.4444,0.3,1.0,0.416
452,indian_metals_ferro_alloys_ltd_2023_2024,0.2162,1.0,0.4444,0.0,1.0,0.4152
453,sula_vineyards_ltd_2023_2024,0.2485,1.0,0.1111,0.3,1.0,0.4149
454,balkrishna_industries_ltd_2023_2024,0.1256,0.0,0.3333,1.0,0.5,0.4147
455,goodyear_india_ltd_2023_2024,0.275,0.7667,0.2222,0.3,1.0,0.4143
456,cesc_ltd_2023_2024,0.1107,0.6667,0.4444,0.3,1.0,0.4138
457,sun_tv_network_ltd_2023_2024,0.2441,0.6667,0.1111,0.7,0.5,0.4138
458,i_g_petrochemicals_ltd_2023_2024,0.2085,1.0,0.4444,0.0,1.0,0.4132
459,balmer_lawrie_coltd_2023_2024,0.2085,1.0,0.4444,0.0,1.0,0.4132
460,eih_associated_hotels_ltd_2023_2024,0.2085,1.0,0.4444,0.0,1.0,0.4132
461,kanoria_chemicals_industries_ltd_2022_2023,0.2389,1.0,0.1111,0.3,1.0,0.4125
462,nacl_industries_ltd_2023_2024,0.3257,1.0,0.2222,0.5,0.0,0.412
463,primo_chemicals_ltd_2023_2024,0.1542,0.7667,0.3333,0.3,1.0,0.4119
464,elantas_beck_india_ltd_2022_2023,0.1803,1.0,0.6667,0.0,0.5,0.4118
465,tcns_clothing_co_ltd_2022_2023,0.225,0.0,0.2222,1.0,0.5,0.4118
466,rossell_india_ltd_2023_2024,0.225,0.0,0.2222,1.0,0.5,0.4118
467,centum_electronics_ltd_2023_2024,0.1252,0.7667,0.5556,0.3,0.5,0.4102
468,nava_ltd_2023_2024,0.228,1.0,0.1111,0.3,1.0,0.4098
469,ador_welding_ltd_2023_2024,0.1024,0.0,0.3333,1.0,0.5,0.4089
470,jindal_stainless_ltd_2022_2023,0.1024,0.0,0.3333,1.0,0.5,0.4089
471,cyient_dlm_ltd_2023_2024,0.1413,0.7667,0.3333,0.3,1.0,0.4087
472,tamil_nadu_newsprint_papers_ltd_2023_2024,0.3006,1.0,0.3333,0.0,1.0,0.4085
473,tajgvk_hotels_resorts_ltd_2023_2024,0.1322,0.7667,0.3333,0.3,1.0,0.4064
474,indo_count_industries_ltd_2023_2024,0.1765,1.0,0.4444,0.0,1.0,0.4052
475,safari_industries_india_ltd_2023_2024,0.2842,1.0,0.3333,0.0,1.0,0.4044
476,linde_india_limited_2023_2024,0.1553,0.0,0.5556,0.7,0.5,0.4027
477,strides_pharma_science_ltd_2023_2024,0.3854,1.0,0.2222,0.0,1.0,0.4019
478,shakti_pumps_india_ltd_2023_2024,0.1924,1.0,0.1111,0.3,1.0,0.4009
479,agi_greenpac_ltd_2023_2024,0.1564,1.0,0.4444,0.0,1.0,0.4002
480,sbi_life_insurance_company_ltd_2023_2024,0.1564,1.0,0.4444,0.0,1.0,0.4002
481,niit_learning_systems_ltd_2023_2024,0.275,0.6667,0.2222,0.3,1.0,0.3993
482,indiamart_intermesh_ltd_2023_2024,0.375,1.0,0.2222,0.0,1.0,0.3993
483,kalyani_steels_ltd_2023_2024,0.275,0.6667,0.2222,0.3,1.0,0.3993
484,sanghvi_movers_ltd_2023_2024,0.275,0.6667,0.2222,0.3,1.0,0.3993
485,jain_irrigation_systems_ltd_2023_2024,0.375,1.0,0.2222,0.0,1.0,0.3993
486,fermenta_biotech_ltd_2023_2024,0.275,0.6667,0.2222,0.3,1.0,0.3993
487,steel_exchange_india_ltd_2023_2024,0.275,0.6667,0.2222,0.3,1.0,0.3993
488,trident_ltd_2023_2024,0.375,1.0,0.2222,0.0,1.0,0.3993
489,emami_paper_mills_ltd_2023_2024,0.275,0.6667,0.2222,0.3,1.0,0.3993
490,niit_ltd_2023_2024,0.275,0.6667,0.2222,0.3,1.0,0.3993
491,allcargo_gati_ltd_2023_2024,0.2404,1.0,0.5556,0.0,0.5,0.399
492,shyam_metalics_and_energy_ltd_2023_2024,0.161,1.0,0.3333,0.3,0.5,0.3986
493,jtekt_india_ltd_2023_2024,0.2569,1.0,0.3333,0.0,1.0,0.3976
494,national_aluminium_coltd_2023_2024,0.1535,0.6667,0.3333,0.3,1.0,0.3967
495,nagarjuna_fertilizers_and_chemicals_ltd_2023_2024,0.1535,0.6667,0.3333,0.3,1.0,0.3967
496,pennar_industries_ltd_2023_2024,0.1535,0.6667,0.3333,0.3,1.0,0.3967
497,equitas_small_finance_bank_ltd_2023_2024,0.375,0.6667,0.1111,0.5,0.5,0.3965
498,bhagiradha_chemicals_industries_ltd_2023_2024,0.2515,1.0,0.3333,0.0,1.0,0.3962
499,patel_engineering_ltd_2023_2024,0.233,1.0,0.4444,0.3,0.0,0.3944
500,indusind_bank_ltd_2023_2024,0.1413,0.6667,0.3333,0.3,1.0,0.3937
501,rushil_decor_ltd_2023_2024,0.1413,0.6667,0.3333,0.3,1.0,0.3937
502,hindalco_industries_ltd_2023_2024,0.152,0.0,0.2222,1.0,0.5,0.3936
503,astral_ltd_2023_2024,0.1156,0.0,0.5556,0.7,0.5,0.3928
504,jsw_infrastructure_ltd_2023_2024,0.1043,0.6667,0.6667,0.0,1.0,0.3927
505,pfizer_ltd_2023_2024,0.2368,1.0,0.3333,0.0,1.0,0.3925
506,housing_urban_development_corporation_ltd_2023_2024,0.233,1.0,0.3333,0.0,1.0,0.3916
507,suprajit_engineering_ltd_2023_2024,0.1398,0.0,0.2222,1.0,0.5,0.3905
508,xpro_india_ltd_2023_2024,0.2276,1.0,0.3333,0.0,1.0,0.3902
509,blue_dart_express_ltd_2023_2024,0.2012,1.0,0.5556,0.0,0.5,0.3892
510,balu_forge_industries_ltd_2023_2024,0.2012,1.0,0.5556,0.0,0.5,0.3892
511,insecticides_india_ltd_2023_2024,0.1709,0.7667,0.2222,0.3,1.0,0.3883
512,dr_lal_pathlabs_ltd_2023_2024,0.1709,0.7667,0.2222,0.3,1.0,0.3883
513,nalwa_sons_investments_ltd_2022_2023,0.1709,0.7667,0.2222,0.3,1.0,0.3883
514,sumitomo_chemical_india_ltd_2023_2024,0.1709,0.7667,0.2222,0.3,1.0,0.3883
515,saintgobain_sekurit_india_ltd_2023_2024,0.1927,0.7667,0.0,0.5,1.0,0.3882
516,kei_industries_ltd_2023_2024,0.1949,1.0,0.5556,0.0,0.5,0.3876
517,chalet_hotels_ltd_2023_2024,0.0932,0.3333,0.5556,0.3,1.0,0.3872
518,vidhi_specialty_food_ingredients_ltd_2023_2024,0.1256,0.0,0.2222,1.0,0.5,0.3869
519,jubilant_industries_ltd_2023_2024,0.1256,0.0,0.2222,1.0,0.5,0.3869
520,aarti_drugs_ltd_2023_2024,0.1137,0.6667,0.3333,0.3,1.0,0.3868
521,mankind_pharma_ltd_2023_2024,0.3018,1.0,0.4444,0.0,0.5,0.3866
522,fsn_ecommerce_ventures_ltd_2023_2024,0.0905,0.0,0.5556,0.7,0.5,0.3865
523,ccl_products_india_ltd_2023_2024,0.275,0.7667,0.1111,0.3,1.0,0.3865
524,fivestar_business_finance_ltd_2023_2024,0.1107,0.6667,0.3333,0.3,1.0,0.386
525,tata_technologies_ltd_2023_2024,0.2085,1.0,0.3333,0.0,1.0,0.3855
526,aditya_birla_capital_ltd_2023_2024,0.2085,1.0,0.3333,0.0,1.0,0.3855
527,r_systems_international_limited_2022_2023,0.2189,1.0,0.2222,0.3,0.5,0.3853
528,koltepatil_developers_ltd_2023_2024,0.225,0.0,0.1111,1.0,0.5,0.384
529,power_grid_corporation_of_india_ltd_2023_2024,0.225,0.0,0.1111,1.0,0.5,0.384
530,godawari_power_ispat_ltd_2023_2024,0.225,0.0,0.1111,1.0,0.5,0.384
531,sterling_and_wilson_renewable_energy_ltd_2022_2023,0.1138,0.0,0.2222,1.0,0.5,0.384
532,adf_foods_ltd_2023_2024,0.225,0.0,0.1111,1.0,0.5,0.384
533,federal_bank_ltd_2023_2024,0.1707,1.0,0.5556,0.0,0.5,0.3816
534,jbchemicals_pharmaceuticals_ltd_2023_2024,0.1707,1.0,0.5556,0.0,0.5,0.3816
535,sun_pharmaceutical_industries_ltd_2023_2024,0.1927,1.0,0.3333,0.0,1.0,0.3815
536,delhivery_ltd_2023_2024,0.1024,0.0,0.2222,1.0,0.5,0.3812
537,pvr_inox_ltd_2023_2024,0.1895,1.0,0.3333,0.0,1.0,0.3807
538,universal_cables_ltd_2023_2024,0.3006,1.0,0.2222,0.0,1.0,0.3807
539,ge_power_india_ltd_2023_2024,0.5,1.0,0.2222,0.0,0.5,0.3806
540,rswm_ltd_2023_2024,0.0651,0.3333,0.5556,0.3,1.0,0.3802
541,iol_chemicals_pharmaceuticals_ltd_2023_2024,0.2714,1.0,0.4444,0.0,0.5,0.379
542,aptech_ltd_2023_2024,0.2056,1.0,0.0,0.3,1.0,0.3764
543,raymond_ltd_2023_2024,0.0568,0.0,0.4444,0.8,0.5,0.3753
544,vaibhav_global_ltd_2023_2024,0.2791,1.0,0.2222,0.0,1.0,0.3753
545,mahindra_logistics_ltd_2023_2024,0.233,1.0,0.6667,0.0,0.0,0.3749
546,gokaldas_exports_ltd_2023_2024,0.1629,1.0,0.3333,0.0,1.0,0.374
547,dollar_industries_ltd_2023_2024,0.1395,0.6667,0.5556,0.0,1.0,0.3738
548,datamatics_global_services_ltd_2023_2024,0.1709,0.6667,0.2222,0.3,1.0,0.3733
549,goodluck_india_ltd_2023_2024,0.1709,0.6667,0.2222,0.3,1.0,0.3733
550,som_distilleries_breweries_ltd_2023_2024,0.375,1.0,0.1111,0.0,1.0,0.3715
551,bhageria_industries_ltd_2023_2024,0.275,0.6667,0.1111,0.3,1.0,0.3715
552,eureka_forbes_ltd_2023_2024,0.275,0.6667,0.1111,0.3,1.0,0.3715
553,automotive_axles_ltd_2023_2024,0.2404,1.0,0.4444,0.0,0.5,0.3712
554,cholamandalam_investment_and_finance_company_ltd_2023_2024,0.1285,0.6667,0.5556,0.0,1.0,0.371
555,voltas_ltd_2023_2024,0.25,0.3333,0.3333,0.5,0.5,0.3708
556,pi_industries_ltd_2023_2024,0.2569,1.0,0.2222,0.0,1.0,0.3698
557,salasar_techno_engineering_ltd_2023_2024,0.2569,1.0,0.2222,0.0,1.0,0.3698
558,patanjali_foods_ltd_2023_2024,0.2569,1.0,0.2222,0.0,1.0,0.3698
559,sunteck_realty_ltd_2023_2024,0.1202,0.6667,0.5556,0.0,1.0,0.3689
560,gujarat_narmada_valley_fertilizers_chemicals_ltd_2023_2024,0.3607,1.0,0.1111,0.0,1.0,0.3679
561,likhitha_infrastructure_ltd_2023_2024,0.1256,0.0,0.4444,0.7,0.5,0.3675
562,electrosteel_castings_ltd_2023_2024,0.1138,0.6667,0.5556,0.0,1.0,0.3673
563,lumax_industries_ltd_2023_2024,0.1138,0.6667,0.5556,0.0,1.0,0.3673
564,akzo_nobel_india_limited_2023_2024,0.2171,1.0,0.4444,0.0,0.5,0.3654
565,mangalore_refinery_petrochemicals_ltd_2023_2024,0.228,1.0,0.3333,0.3,0.0,0.3653
566,route_mobile_ltd_2023_2024,0.225,0.0,0.3333,0.7,0.5,0.3646
567,agarwal_industrial_corporation_ltd_2023_2024,0.1138,0.3333,0.4444,0.5,0.5,0.3646
568,mstc_ltd_2023_2024,0.1895,1.0,0.6667,0.0,0.0,0.364
569,bodal_chemicals_ltd_2023_2024,0.233,1.0,0.2222,0.0,1.0,0.3638
570,gokul_agro_resources_ltd_2023_2024,0.233,1.0,0.2222,0.0,1.0,0.3638
571,mufin_green_finance_ltd_2023_2024,0.2093,1.0,0.4444,0.0,0.5,0.3634
572,century_enka_ltd_2023_2024,0.2093,1.0,0.4444,0.0,0.5,0.3634
573,crompton_greaves_consumer_electricals_ltd_2023_2024,0.2276,1.0,0.2222,0.0,1.0,0.3624
574,mtar_technologies_ltd_2022_2023,0.1252,0.6667,0.2222,0.3,1.0,0.3618
575,housing &urban development cor_brsr2023,0.25,0.7667,0.3333,0.0,1.0,0.3608
576,castrol_india_ltd_2022_2023,0.0977,0.0,0.4444,0.7,0.5,0.3605
577,allsec_technologies_ltd_2023_2024,0.1709,0.7667,0.1111,0.3,1.0,0.3605
578,rico_auto_industries_ltd_2023_2024,0.0932,0.3333,0.4444,0.3,1.0,0.3594
579,alkyl_amines_chemicals_ltd_2023_2024,0.3006,1.0,0.3333,0.0,0.5,0.3585
580,infobeans_technologies_ltd_2023_2024,0.3006,1.0,0.3333,0.0,0.5,0.3585
581,dhampur_sugar_mills_ltd_2022_2023,0.2085,1.0,0.2222,0.0,1.0,0.3577
582,quint_digital_ltd_2023_2024,0.1156,0.0,0.1111,1.0,0.5,0.3567
583,quint_digital_media_ltd_2022_2023,0.1156,0.0,0.1111,1.0,0.5,0.3567
584,prudent_corporate_advisory_services_ltd_2023_2024,0.225,0.0,0.0,1.0,0.5,0.3563
585,bajaj_finserv_ltd_2022_2023,0.1803,1.0,0.4444,0.0,0.5,0.3562
586,galaxy_surfactants_ltd_2023_2024,0.1803,1.0,0.4444,0.0,0.5,0.3562
587,globus_spirits_ltd_2023_2024,0.2791,1.0,0.3333,0.0,0.5,0.3531
588,refex_industries_limited_2023_2024,0.2791,1.0,0.3333,0.0,0.5,0.3531
589,symphony_limited_2023_2024,0.1846,1.0,0.2222,0.0,1.0,0.3517
590,vindhya_telelinks_ltd_2023_2024,0.1803,1.0,0.2222,0.0,1.0,0.3506
591,mps_ltd_2023_2024,0.1553,0.6667,0.4444,0.0,1.0,0.3499
592,sp_apparels_ltd_2023_2024,0.1553,0.6667,0.4444,0.0,1.0,0.3499
593,visaka_industries_ltd_2023_2024,0.2791,1.0,0.1111,0.0,1.0,0.3475
594,united_breweries_ltd_2023_2024,0.0521,0.0,0.3333,0.8,0.5,0.3464
595,ddev_plastiks_industries_ltd_2023_2024,0.1395,0.6667,0.4444,0.0,1.0,0.346
596,edelweiss_financial_services_ltd_2023_2024,0.1395,0.6667,0.4444,0.0,1.0,0.346
597,hindustan_copper_ltd_2023_2024,0.1395,0.6667,0.4444,0.0,1.0,0.346
598,gland_pharma_ltd_2023_2024,0.25,0.6667,0.3333,0.0,1.0,0.3458
599,mahindra_epc_irrigation_ltd_2023_2024,0.25,0.6667,0.3333,0.0,1.0,0.3458
600,ester_industries_ltd_2023_2024,0.275,0.6667,0.0,0.3,1.0,0.3438
601,unitech_ltd_2023_2024,0.275,0.6667,0.0,0.3,1.0,0.3438
602,sasken_technologies_ltd_2022_2023,0.1509,1.0,0.2222,0.0,1.0,0.3433
603,jaiprakash_power_ventures_limited_2023_2024,0.1285,0.6667,0.4444,0.0,1.0,0.3432
604,den_networks_ltd_2023_2024,0.1285,0.6667,0.4444,0.0,1.0,0.3432
605,escorts_kubota_ltd_2023_2024,0.2171,1.0,0.5556,0.0,0.0,0.3432
606,roto_pumps_ltd_2023_2024,0.2606,1.0,0.1111,0.0,1.0,0.3429
607,punjab_chemicals_and_crop_protection_ltd_2023_2024,0.0771,0.4333,0.3333,0.3,1.0,0.3426
608,welspun_enterprises_ltd_2023_2024,0.1202,0.6667,0.4444,0.0,1.0,0.3412
609,kotak_mahindra_bank_ltd_2023_2024,0.1202,0.6667,0.4444,0.0,1.0,0.3412
610,hero_motocorp_ltd_2023_2024,0.1285,0.0,0.3333,0.7,0.5,0.3405
611,bhansali_engineering_polymers_ltd_2023_2024,0.0683,0.4333,0.3333,0.3,1.0,0.3404
612,heubach_colorants_india_ltd_2023_2024,0.2276,1.0,0.3333,0.0,0.5,0.3402
613,apl_apollo_tubes_ltd_2023_2024,0.1138,0.6667,0.4444,0.0,1.0,0.3396
614,chennai_petroleum_corporation_ltd_2023_2024,0.1202,0.3333,0.3333,0.5,0.5,0.3384
615,suzlon_energy_ltd_2023_2024,0.1156,0.0,0.3333,0.7,0.5,0.3372
616,computer_age_management_services_ltd_2023_2024,0.1043,0.6667,0.4444,0.0,1.0,0.3372
617,cigniti_technologies_ltd_2023_2024,0.225,0.0,0.2222,0.7,0.5,0.3368
618,syrma_sgs_technology_ltd_2023_2024,0.225,0.0,0.2222,0.7,0.5,0.3368
619,britannia_industries_ltd_2023_2024,0.2093,1.0,0.3333,0.0,0.5,0.3357
620,bajaj_healthcare_ltd_2023_2024,0.0975,0.6667,0.4444,0.0,1.0,0.3355
621,grp_ltd_2023_2024,0.1251,0.6667,0.1111,0.3,1.0,0.3341
622,tvs_holdings_ltd_2023_2024,0.1252,0.6667,0.1111,0.3,1.0,0.3341
623,mastek_ltd_2023_2024,0.1024,0.0,0.3333,0.7,0.5,0.3339
624,dalmia_bharat_sugar_and_industries_ltd_2023_2024,0.1535,0.7667,0.2222,0.3,0.5,0.3339
625,alembic_pharmaceuticals_ltd_2023_2024,0.25,0.7667,0.2222,0.0,1.0,0.3331
626,jio_financial_services_ltd_2023_2024,0.2171,1.0,0.1111,0.0,1.0,0.3321
627,apcotex_industries_ltd_2023_2024,0.1927,1.0,0.3333,0.0,0.5,0.3315
628,indian_railway_finance_corporation_ltd_2023_2024,0.2085,1.0,0.1111,0.0,1.0,0.3299
629,city_union_bank_ltd_2023_2024,0.0837,0.3333,0.3333,0.3,1.0,0.3293
630,nilkamal_ltd_2023_2024,0.2714,1.0,0.4444,0.0,0.0,0.329
631,trent_ltd_2023_2024,0.1803,1.0,0.3333,0.0,0.5,0.3284
632,tarc_ltd_2023_2024,0.0521,0.0,0.5556,0.5,0.5,0.3269
633,avantel_ltd_2023_2024,0.2844,1.0,0.2222,0.0,0.5,0.3267
634,atul_ltd_2023_2024,0.1535,0.6667,0.4444,0.3,0.0,0.3245
635,mindspace_business_parks_reit_2022_2023,0.1395,0.6667,0.5556,0.0,0.5,0.3238
636,yatra_online_ltd_2023_2024,0.0601,0.0,0.3333,0.5,1.0,0.3234
637,tcpl_packaging_ltd_2023_2024,0.1553,0.6667,0.3333,0.0,1.0,0.3222
638,heritage_foods_limited_2023_2024,0.1553,0.6667,0.3333,0.0,1.0,0.3222
639,arihant_capital_markets_ltd_2023_2024,0.375,1.0,0.1111,0.0,0.5,0.3215
640,borosil_ltd_2023_2024,0.1398,0.0,0.4444,0.7,0.0,0.3211
641,skipper_ltd_2023_2024,0.1285,0.6667,0.5556,0.0,0.5,0.321
642,nahar_polyfilms_ltd_2023_2024,0.1202,0.6667,0.5556,0.0,0.5,0.3189
643,supreme_industries_ltd_2023_2024,0.2308,1.0,0.4444,0.0,0.0,0.3188
644,icici_prudential_life_insurance_company_ltd_2023_2024,0.1395,0.6667,0.3333,0.0,1.0,0.3182
645,garware_hitech_films_ltd_2023_2024,0.1395,0.6667,0.3333,0.0,1.0,0.3182
646,subros_ltd_2023_2024,0.1395,0.6667,0.3333,0.0,1.0,0.3182
647,zfsteering_gear_india_ltd_2022_2023,0.1395,0.6667,0.3333,0.0,1.0,0.3182
648,renaissance_global_ltd_2023_2024,0.1395,0.6667,0.3333,0.0,1.0,0.3182
649,apollo_micro_systems_ltd_2023_2024,0.25,0.6667,0.2222,0.0,1.0,0.3181
650,gmr_power_and_urban_infra_ltd_2023_2024,0.25,0.6667,0.2222,0.0,1.0,0.3181
651,gmr_airports_infrastructure_ltd_2023_2024,0.25,0.6667,0.2222,0.0,1.0,0.3181
652,naperol_investments_ltd_2023_2024,0.25,0.6667,0.2222,0.0,1.0,0.3181
653,bigbloc_construction_ltd_2023_2024,0.25,0.6667,0.2222,0.0,1.0,0.3181
654,nahar_spinning_mills_ltd_2023_2024,0.1138,0.6667,0.5556,0.0,0.5,0.3173
655,page_industries_ltd_2023_2024,0.1138,0.6667,0.5556,0.0,0.5,0.3173
656,oriental_aromatics_ltd_2023_2024,0.1086,0.6667,0.5556,0.0,0.5,0.316
657,gulshan_polyols_ltd_2023_2024,0.1285,0.6667,0.3333,0.0,1.0,0.3155
658,tamilnad_mercantile_bank_ltd_2023_2024,0.1285,0.6667,0.3333,0.0,1.0,0.3155
659,infosys_ltd_2022_2023,0.1285,0.6667,0.3333,0.0,1.0,0.3155
660,matrimonycom_ltd_2023_2024,0.1398,0.0,0.2222,0.7,0.5,0.3155
661,hdfc_bank_ltd_2023_2024,0.1285,0.6667,0.3333,0.0,1.0,0.3155
662,birla_corporation_ltd_2023_2024,0.1285,0.6667,0.3333,0.0,1.0,0.3155
663,time_technoplast_ltd_2023_2024,0.2171,1.0,0.4444,0.0,0.0,0.3154
664,bf_utilities_ltd_2022_2023,0.25,0.0,0.1111,0.7,0.5,0.3153
665,bf_investment_ltd_2023_2024,0.25,0.0,0.1111,0.7,0.5,0.3153
666,eris_lifesciences_ltd_2023_2024,0.1553,0.7667,0.4444,0.0,0.5,0.3149
667,epigral_ltd_2023_2024,0.1006,0.6667,0.5556,0.0,0.5,0.314
668,gfl_ltd_2023_2024,0.1202,0.6667,0.3333,0.0,1.0,0.3134
669,landmark_cars_ltd_2023_2024,0.1138,0.6667,0.3333,0.0,1.0,0.3118
670,centrum_capital_ltd_2023_2024,0.1138,0.6667,0.3333,0.0,1.0,0.3118
671,lupin_ltd_2023_2024,0.1138,0.6667,0.3333,0.0,1.0,0.3118
672,mazagon_dock_shipbuilders_ltd_2023_2024,0.1138,0.6667,0.3333,0.0,1.0,0.3118
673,antony_waste_handling_cell_ltd_2023_2024,0.1015,0.6667,0.4444,0.3,0.0,0.3115
674,dlf_ltd_2023_2024,0.0882,0.6667,0.5556,0.0,0.5,0.3109
675,vakrangee_limited_2023_2024,0.225,0.0,0.1111,0.7,0.5,0.309
676,reliance_industrial_infrastructure_ltd_2023_2024,0.225,0.0,0.1111,0.7,0.5,0.309
677,indraprastha gas ltd._brsr2023,0.1082,0.0,0.2222,0.7,0.5,0.3076
678,general_insurance_corporation_of_india_2023_2024,0.1082,0.0,0.2222,0.7,0.5,0.3076
679,aegis_logistics_ltd_2023_2024,0.0923,0.6667,0.3333,0.0,1.0,0.3064
680,state_bank_of_india_2023_2024,0.1024,0.0,0.2222,0.7,0.5,0.3062
681,cyient_limited_2022_2023,0.3107,1.0,0.1111,0.0,0.5,0.3054
682,bajaj_consumer_care_ltd_2023_2024,0.0932,0.3333,0.2222,0.3,1.0,0.3039
683,india_nippon_electricals_ltd_2023_2024,0.0569,0.3333,0.5556,0.0,1.0,0.3031
684,welspun_corp_limited_2023_2024,0.1043,0.7667,0.4444,0.0,0.5,0.3022
685,nazara_technologies_ltd_2023_2024,0.1553,0.6667,0.4444,0.0,0.5,0.2999
686,jupiter_life_line_hospitals_ltd_2023_2024,0.1553,0.6667,0.4444,0.0,0.5,0.2999
687,kcpltd_2023_2024,0.0777,0.0,0.1111,0.8,0.5,0.2972
688,divgi_torqtransfer_systems_ltd_2023_2024,0.1043,0.7667,0.2222,0.0,1.0,0.2966
689,rajratan_global_wire_ltd_2023_2024,0.1395,0.6667,0.4444,0.0,0.5,0.296
690,swaraj_engines_ltd_2023_2024,0.1395,0.6667,0.4444,0.0,0.5,0.296
691,indiabulls_real_estate_ltd_2022_2023,0.1395,0.6667,0.4444,0.0,0.5,0.296
692,redington_ltd_2023_2024,0.1395,0.6667,0.4444,0.0,0.5,0.296
693,elpro_international_ltd_2023_2024,0.1395,0.6667,0.4444,0.0,0.5,0.296
694,the_anup_engineering_ltd_2023_2024,0.1395,0.6667,0.4444,0.0,0.5,0.296
695,anand_rathi_wealth_ltd_2023_2024,0.1395,0.6667,0.4444,0.0,0.5,0.296
696,equinox_india_developments_ltd_2023_2024,0.1395,0.6667,0.4444,0.0,0.5,0.296
697,exicom_telesystems_ltd_2023_2024,0.1395,0.6667,0.4444,0.0,0.5,0.296
698,avalon_technologies_ltd_2023_2024,0.1553,0.6667,0.2222,0.0,1.0,0.2944
699,krbl_ltd_2023_2024,0.1553,0.6667,0.2222,0.0,1.0,0.2944
700,radiant_cash_management_services_ltd_2023_2024,0.1553,0.6667,0.2222,0.0,1.0,0.2944
701,blue_star_ltd_2023_2024,0.125,0.3333,0.4444,0.0,1.0,0.2924
702,bajaj_finance_limited_2023_2024,0.1202,0.6667,0.4444,0.0,0.5,0.2912
703,tv_today_network_ltd_2023_2024,0.1395,0.6667,0.2222,0.0,1.0,0.2904
704,campus_activewear_ltd_2023_2024,0.1395,0.6667,0.2222,0.0,1.0,0.2904
705,kddl_ltd_2023_2024,0.25,0.6667,0.1111,0.0,1.0,0.2903
706,power_mech_projects_ltd_2023_2024,0.25,0.6667,0.1111,0.0,1.0,0.2903
707,ramky_infrastructure_ltd_2023_2024,0.25,0.6667,0.1111,0.0,1.0,0.2903
708,kopran_ltd_2022_2023,0.25,0.6667,0.1111,0.0,1.0,0.2903
709,savita_oil_technologies_ltd_2023_2024,0.25,0.6667,0.1111,0.0,1.0,0.2903
710,sastasundar_ventures_ltd_2023_2024,0.25,0.6667,0.1111,0.0,1.0,0.2903
711,pokarna_ltd_2023_2024,0.25,0.6667,0.1111,0.0,1.0,0.2903
712,caplin_point_laboratories_ltd_2023_2024,0.15,0.3333,0.1111,0.3,1.0,0.2903
713,mac_charles_india_ltd_2023_2024,0.25,0.6667,0.1111,0.0,1.0,0.2903
714,lloyds_metals_and_energy_ltd_2023_2024,0.25,0.6667,0.1111,0.0,1.0,0.2903
715,drreddys_laboratories_ltd_2023_2024,0.2276,1.0,0.3333,0.0,0.0,0.2902
716,steel_strips_wheels_ltd_2023_2024,0.1138,0.6667,0.4444,0.0,0.5,0.2896
717,entertainment_network_india_ltd_2023_2024,0.1285,0.6667,0.2222,0.0,1.0,0.2877
718,samhi_hotels_ltd_2023_2024,0.1285,0.6667,0.2222,0.0,1.0,0.2877
719,optiemus_infracom_ltd_2023_2024,0.1285,0.6667,0.2222,0.0,1.0,0.2877
720,zee_entertainment_enterprises_ltd_2022_2023,0.1285,0.6667,0.2222,0.0,1.0,0.2877
721,zen_technologies_ltd_2022_2023,0.1285,0.6667,0.2222,0.0,1.0,0.2877
722,max_estates_ltd_2023_2024,0.1006,0.6667,0.4444,0.0,0.5,0.2863
723,bajaj_electricals_ltd_2023_2024,0.1202,0.6667,0.2222,0.0,1.0,0.2856
724,spandana_sphoorty_financial_ltd_2023_2024,0.1285,0.0,0.1111,0.7,0.5,0.2849
725,rashtriya_chemicals_fertilizers_ltd_2023_2024,0.0947,0.6667,0.4444,0.0,0.5,0.2848
726,ghcl_ltd_2023_2024,0.0947,0.6667,0.4444,0.0,0.5,0.2848
727,quess_corp_ltd_2023_2024,0.1256,0.0,0.1111,0.7,0.5,0.2842
728,agro_tech_foods_ltd_2023_2024,0.125,0.0,0.1111,0.5,1.0,0.284
729,cupid_ltd_2023_2024,0.1395,0.7667,0.3333,0.0,0.5,0.2832
730,sun_pharma_advanced_research_company_ltd_2023_2024,0.25,0.7667,0.2222,0.0,0.5,0.2831
731,flair_writing_industries_ltd_2023_2024,0.1709,0.7667,0.0,0.3,0.5,0.2827
732,tech_mahindra_ltd_2023_2024,0.1156,0.0,0.1111,0.7,0.5,0.2817
733,mahanagar_telephone_nigam_ltd_2023_2024,0.1256,0.0,0.0,1.0,0.0,0.2814
734,veranda_learning_solutions_ltd_2023_2024,0.225,0.0,0.0,0.7,0.5,0.2812
735,kamdhenu_ltd_2023_2024,0.1285,0.7667,0.3333,0.0,0.5,0.2805
736,nocil_ltd_2023_2024,0.1138,0.7667,0.3333,0.0,0.5,0.2768
737,prince_pipes_and_fittings_ltd_2023_2024,0.0601,0.3333,0.4444,0.0,1.0,0.2761
738,websol_energy_system_ltd_2023_2024,0.1927,1.0,0.1111,0.0,0.5,0.276
739,lt_technology_services_ltd_2023_2024,0.0698,0.0,0.3333,0.5,0.5,0.2758
740,praxis_home_retail_ltd_2021_2022,0.0698,0.0,0.3333,0.5,0.5,0.2758
741,fine_organic_industries_ltd_2023_2024,0.1553,0.6667,0.3333,0.0,0.5,0.2722
742,au_small_finance_bank_ltd_2023_2024,0.0543,0.0,0.3333,0.5,0.5,0.2719
743,jayaswal_neco_industries_ltd_2023_2024,0.0543,0.0,0.3333,0.5,0.5,0.2719
744,vodafone_idea_ltd_2023_2024,0.1285,0.6667,0.5556,0.0,0.0,0.271
745,sona_blw_precision_forgings_ltd_2023_2024,0.125,0.3333,0.5556,0.0,0.5,0.2701
746,piramal_pharma_ltd_2023_2024,0.125,0.3333,0.5556,0.0,0.5,0.2701
747,fortis_healthcare_ltd_2023_2024,0.0543,0.0,0.2222,0.8,0.0,0.2691
748,hbl_power_systems_ltd_2023_2024,0.1202,0.6667,0.5556,0.0,0.0,0.2689
749,skf_india_ltd_2023_2024,0.1395,0.6667,0.3333,0.0,0.5,0.2682
750,south_indian_bank_ltd_2023_2024,0.1395,0.6667,0.3333,0.0,0.5,0.2682
751,maruti_suzuki_india_ltd_2023_2024,0.1395,0.6667,0.3333,0.0,0.5,0.2682
752,ipca_laboratories_ltd_2023_2024,0.1395,0.6667,0.3333,0.0,0.5,0.2682
753,nmdc_ltd_2023_2024,0.1395,0.6667,0.3333,0.0,0.5,0.2682
754,nmdc_steel_ltd_2023_2024,0.1395,0.6667,0.3333,0.0,0.5,0.2682
755,sms_pharmaceuticals_ltd_2023_2024,0.1395,0.6667,0.3333,0.0,0.5,0.2682
756,indostar_capital_finance_ltd_2023_2024,0.25,0.6667,0.2222,0.0,0.5,0.2681
757,tvs_srichakra_ltd_2023_2024,0.25,0.6667,0.2222,0.0,0.5,0.2681
758,tips_industries_ltd_2023_2024,0.25,0.6667,0.2222,0.0,0.5,0.2681
759,parag_milk_foods_ltd_2022_2023,0.25,0.6667,0.2222,0.0,0.5,0.2681
760,avanti_feeds_ltd_2023_2024,0.25,0.6667,0.2222,0.0,0.5,0.2681
761,sml_isuzu_limited_2023_2024,0.25,0.6667,0.2222,0.0,0.5,0.2681
762,popular_vehicles_and_services_ltd_2023_2024,0.25,0.6667,0.2222,0.0,0.5,0.2681
763,dalmia_bharat_ltd_2023_2024,0.1138,0.6667,0.5556,0.0,0.0,0.2673
764,railtel_corporation_of_india_ltd_2022_2023,0.1553,0.6667,0.1111,0.0,1.0,0.2666
765,cantabil_retail_india_ltd_2023_2024,0.1285,0.6667,0.3333,0.0,0.5,0.2655
766,shriram_properties_ltd_2023_2024,0.1285,0.6667,0.3333,0.0,0.5,0.2655
767,amrutanjan_health_care_ltd_2023_2024,0.1285,0.6667,0.3333,0.0,0.5,0.2655
768,uco_bank_2023_2024,0.1285,0.6667,0.3333,0.0,0.5,0.2655
769,gujarat_state_petronet_ltd_2023_2024,0.1043,0.6667,0.5556,0.0,0.0,0.265
770,bliss_gvs_pharma_ltd_2023_2024,0.1202,0.6667,0.3333,0.0,0.5,0.2634
771,tata_teleservices_maharashtra_ltd_2023_2024,0.1395,0.6667,0.1111,0.0,1.0,0.2627
772,ambika_cotton_mills_ltd_2023_2024,0.25,0.6667,0.0,0.0,1.0,0.2625
773,shreyas_shipping_logistics_ltd_2023_2024,0.25,0.6667,0.0,0.0,1.0,0.2625
774,stove_kraft_ltd_2023_2024,0.25,0.6667,0.0,0.0,1.0,0.2625
775,pb_fintech_ltd_2023_2024,0.1138,0.6667,0.3333,0.0,0.5,0.2618
776,ikio_lighting_ltd_2023_2024,0.125,0.0,0.2222,0.5,0.5,0.2618
777,laxmi organic industries limit_brsr2023,0.125,0.0,0.2222,0.5,0.5,0.2618
778,concord_biotech_ltd_2023_2024,0.1138,0.6667,0.3333,0.0,0.5,0.2618
779,keystone_realtors_ltd_2023_2024,0.1138,0.6667,0.3333,0.0,0.5,0.2618
780,harsha_engineers_international_ltd_2023_2024,0.1138,0.6667,0.3333,0.0,0.5,0.2618
781,oberoi_realty_ltd_2023_2024,0.1086,0.6667,0.3333,0.0,0.5,0.2605
782,jindal_worldwide_ltd_2023_2024,0.1086,0.6667,0.3333,0.0,0.5,0.2605
783,zomato_ltd_2022_2023,0.1156,0.0,0.2222,0.7,0.0,0.2595
784,devyani_international_ltd_2023_2024,0.1043,0.6667,0.3333,0.0,0.5,0.2594
785,eicher_motors_ltd_2023_2024,0.1043,0.6667,0.3333,0.0,0.5,0.2594
786,kokuyo_camlin_ltd_2023_2024,0.1138,0.0,0.2222,0.7,0.0,0.259
787,idbi_bank_ltd_2023_2024,0.0698,0.3333,0.5556,0.0,0.5,0.2563
788,medicamen_biotech_ltd_2023_2024,0.0777,0.0,0.2222,0.5,0.5,0.25
789,dcm_nouvelle_ltd_2023_2024,0.1553,0.6667,0.2222,0.0,0.5,0.2444
790,valiant_organics_ltd_2023_2024,0.0,0.0,0.7778,0.0,0.5,0.2444
791,srf_ltd_2023_2024,0.1553,0.6667,0.2222,0.0,0.5,0.2444
792,moschip_technologies_ltd_2023_2024,0.1553,0.6667,0.2222,0.0,0.5,0.2444
793,aether_industries_ltd_2022_2023,0.1553,0.6667,0.2222,0.0,0.5,0.2444
794,orient_paper_industries_ltd_2022_2023,0.1509,1.0,0.2222,0.0,0.0,0.2433
795,gujarat_pipavav_port_ltd_2023_2024,0.1285,0.6667,0.4444,0.0,0.0,0.2432
796,hindustan_foods_ltd_2023_2024,0.1395,0.6667,0.2222,0.0,0.5,0.2404
797,axis bank ltd._brsr2023,0.1395,0.6667,0.2222,0.0,0.5,0.2404
798,emudhra_ltd_2023_2024,0.1395,0.6667,0.2222,0.0,0.5,0.2404
799,beml_ltd_2023_2024,0.1395,0.6667,0.2222,0.0,0.5,0.2404
800,power_finance_corporation_ltd_2023_2024,0.1395,0.6667,0.2222,0.0,0.5,0.2404
801,accelya_solutions_india_ltd_2023_2024,0.1395,0.6667,0.2222,0.0,0.5,0.2404
802,rajnish_wellness_ltd_2023_2024,0.25,0.6667,0.1111,0.0,0.5,0.2403
803,grauer_weil_india_ltd_2023_2024,0.25,0.6667,0.1111,0.0,0.5,0.2403
804,gmbreweries_ltd_2022_2023,0.25,0.6667,0.1111,0.0,0.5,0.2403
805,indiabulls_housing_finance_ltd_2022_2023,0.25,0.6667,0.1111,0.0,0.5,0.2403
806,gmm_pfaudler_ltd_2023_2024,0.0,0.0,0.5556,0.0,1.0,0.2389
807,ambuja_cements_ltd_2023_2024,0.0698,0.4333,0.2222,0.0,1.0,0.238
808,acc_ltd_2023_2024,0.0698,0.4333,0.2222,0.0,1.0,0.238
809,jaiprakash_associates_ltd_2023_2024,0.1285,0.6667,0.2222,0.0,0.5,0.2377
810,ingersollrand_india_ltd_2023_2024,0.1285,0.6667,0.2222,0.0,0.5,0.2377
811,satin_creditcare_network_ltd_2023_2024,0.1285,0.6667,0.2222,0.0,0.5,0.2377
812,filatex_fashions_ltd_2023_2024,0.1285,0.6667,0.2222,0.0,0.5,0.2377
813,gic_housing_finance_ltd_2023_2024,0.1285,0.6667,0.2222,0.0,0.5,0.2377
814,prime_focus_ltd_2023_2024,0.125,0.3333,0.2222,0.0,1.0,0.2368
815,national_peroxide_ltd_2022_2023,0.125,0.3333,0.2222,0.0,1.0,0.2368
816,india_cements_ltd_2023_2024,0.125,0.3333,0.2222,0.0,1.0,0.2368
817,tata_coffee_ltd_2022_2023,0.125,0.3333,0.2222,0.0,1.0,0.2368
818,oil_india_ltd_2023_2024,0.1006,0.6667,0.4444,0.0,0.0,0.2363
819,teamlease_services_ltd_2023_2024,0.1202,0.6667,0.2222,0.0,0.5,0.2356
820,bajaj_hindusthan_sugar_limited_2023_2024,0.1395,0.6667,0.0,0.0,1.0,0.2349
821,ntpc ltd._brsr2023,0.1138,0.6667,0.2222,0.0,0.5,0.234
822,mas_financial_services_ltd_2022_2023,0.125,0.0,0.1111,0.5,0.5,0.234
823,g_n_a_axles_ltd_2022_2023,0.1285,0.6667,0.0,0.0,1.0,0.2321
824,shivalik_rasayan_ltd_2023_2024,0.1006,0.6667,0.2222,0.0,0.5,0.2307
825,sanmit_infra_limited_2023_2024,0.0777,0.3333,0.4444,0.0,0.5,0.2305
826,excel_industries_ltd_2023_2024,0.0975,0.6667,0.2222,0.0,0.5,0.2299
827,mahindra_cie_automotive_limited_2021_2022,0.0543,0.3333,0.4444,0.0,0.5,0.2247
828,shree_renuka_sugars_ltd_2023_2024,0.0837,0.3333,0.1111,0.3,0.5,0.2237
829,fairchem_organics_ltd_2023_2024,0.0777,0.0,0.1111,0.5,0.5,0.2222
830,vadilal_industries_ltd_2023_2024,0.0777,0.0,0.1111,0.5,0.5,0.2222
831,nahar_capital_financial_services_ltd_2023_2024,0.1553,0.6667,0.3333,0.0,0.0,0.2222
832,network18_media_investments_ltd_2022_2023,0.0698,0.0,0.1111,0.5,0.5,0.2202
833,tv18_broadcast_ltd_2022_2023,0.0698,0.0,0.1111,0.5,0.5,0.2202
834,bajel_projects_ltd_2023_2024,0.1395,0.6667,0.3333,0.0,0.0,0.2182
835,marksans_pharma_ltd_2023_2024,0.0777,0.4333,0.3333,0.0,0.5,0.2178
836,nippon_life_india_asset_management_ltd_2023_2024,0.0777,0.4333,0.3333,0.0,0.5,0.2178
837,accelya solutions india limite_brsr2023,0.1553,0.6667,0.1111,0.0,0.5,0.2166
838,doms_industries_ltd_2023_2024,0.1553,0.6667,0.1111,0.0,0.5,0.2166
839,dhani_services_ltd_2023_2024,0.1553,0.6667,0.1111,0.0,0.5,0.2166
840,everest_kanto_cylinder_ltd_2023_2024,0.0698,0.4333,0.3333,0.0,0.5,0.2158
841,godrej_industries_ltd_2023_2024,0.1285,0.6667,0.3333,0.0,0.0,0.2155
842,ganesha_ecosphere_ltd_2023_2024,0.025,0.0,0.3333,0.3,0.5,0.2146
843,hdfc_asset_management_company_ltd_2023_2024,0.125,0.3333,0.3333,0.0,0.5,0.2146
844,veritas_india_ltd_2023_2024,0.125,0.3333,0.3333,0.0,0.5,0.2146
845,polyplex_corporation_ltd_2023_2024,0.25,0.6667,0.0,0.0,0.5,0.2125
846,onmobile_global_ltd_2023_2024,0.0,0.0,0.4444,0.0,1.0,0.2111
847,aster_dm_healthcare_ltd_2023_2024,0.0,0.0,0.4444,0.0,1.0,0.2111
848,thomas_cook_india_ltd_2023_2024,0.0,0.0,0.4444,0.0,1.0,0.2111
849,housing_development_finance_corpltd_2021_2022,0.1086,0.6667,0.3333,0.0,0.0,0.2105
850,tata_motors_ltd_2023_2024,0.008,0.0,0.3333,0.3,0.5,0.2103
851,responsive_industries_ltd_2023_2024,0.125,0.3333,0.1111,0.0,1.0,0.209
852,transformers_and_rectifiers_india_ltd_2023_2024,0.125,0.3333,0.1111,0.0,1.0,0.209
853,yasho_industries_ltd_2023_2024,0.125,0.3333,0.1111,0.0,1.0,0.209
854,ngl_finechem_ltd_2023_2024,0.125,0.0,0.0,0.5,0.5,0.2062
855,dhunseri_ventures_ltd_2023_2024,0.125,0.0,0.0,0.5,0.5,0.2062
856,knr_constructions_ltd_2023_2024,0.125,0.0,0.0,0.5,0.5,0.2062
857,jyothy_labs_ltd_2023_2024,0.0777,0.0,0.0,0.5,0.5,0.1944
858,neogen_chemicals_ltd_2023_2024,0.0,0.0,0.7778,0.0,0.0,0.1944
859,speciality_restaurants_ltd_2023_2024,0.0,0.0,0.5556,0.0,0.5,0.1889
860,vardhman_special_steels_ltd_2023_2024,0.0,0.0,0.5556,0.0,0.5,0.1889
861,rossari_biotech_ltd_2023_2024,0.0,0.0,0.5556,0.0,0.5,0.1889
862,gufic_biosciences_ltd_2023_2024,0.0,0.0,0.5556,0.0,0.5,0.1889
863,geojit_financial_services_ltd_2023_2024,0.0,0.0,0.5556,0.0,0.5,0.1889
864,garden_reach_shipbuilders_engineers_ltd_2023_2024,0.0,0.0,0.5556,0.0,0.5,0.1889
865,kajaria_ceramics_ltd_2023_2024,0.0,0.0,0.5556,0.0,0.5,0.1889
866,firstsource_solutions_ltd_2023_2024,0.0,0.0,0.5556,0.0,0.5,0.1889
867,ashapura_minechem_ltd_2023_2024,0.0,0.0,0.5556,0.0,0.5,0.1889
868,kirloskar_industries_ltd_2023_2024,0.0,0.0,0.5556,0.0,0.5,0.1889
869,indigo_paints_ltd_2023_2024,0.0,0.0,0.5556,0.0,0.5,0.1889
870,themis_medicare_ltd_2023_2024,0.0,0.0,0.5556,0.0,0.5,0.1889
871,supreme_petrochem_ltd_2023_2024,0.0,0.0,0.5556,0.0,0.5,0.1889
872,max_financial_services_ltd_2023_2024,0.0,0.0,0.5556,0.0,0.5,0.1889
873,xchanging_solutions_ltd_2023_2024,0.1553,0.6667,0.0,0.0,0.5,0.1888
874,vinati_organics_ltd_2022_2023,0.125,0.3333,0.2222,0.0,0.5,0.1868
875,choice_international_ltd_2023_2024,0.0,0.0,0.3333,0.0,1.0,0.1833
876,sandur_manganese_iron_ores_ltd_2023_2024,0.0,0.0,0.3333,0.0,1.0,0.1833
877,sheela_foam_ltd_2023_2024,0.0,0.0,0.3333,0.0,1.0,0.1833
878,kp_energy_ltd_2023_2024,0.0,0.0,0.3333,0.0,1.0,0.1833
879,axis_bank_ltd_2023_2024,0.0601,0.3333,0.4444,0.0,0.0,0.1761
880,ntpc_ltd_2023_2024,0.0777,0.3333,0.2222,0.0,0.5,0.175
881,gujarat_themis_biosyn_ltd_2023_2024,0.0777,0.3333,0.2222,0.0,0.5,0.175
882,mukand_ltd_2023_2024,0.0777,0.3333,0.2222,0.0,0.5,0.175
883,shanti_educational_initiatives_ltd_2023_2024,0.0777,0.3333,0.2222,0.0,0.5,0.175
884,man_infraconstruction_ltd_2023_2024,0.0777,0.0,0.1111,0.5,0.0,0.1722
885,kiocl_ltd_2023_2024,0.0698,0.0,0.1111,0.5,0.0,0.1702
886,triveni_turbine_ltd_2022_2023,0.1553,0.6667,0.1111,0.0,0.0,0.1666
887,shilpa_medicare_ltd_2023_2024,0.1553,0.6667,0.1111,0.0,0.0,0.1666
888,indian_hume_pipe_coltd_2023_2024,0.0,0.0,0.4444,0.0,0.5,0.1611
889,pcbl_ltd_2023_2024,0.0,0.0,0.4444,0.0,0.5,0.1611
890,cressanda_solutions_ltd_2023_2024,0.0,0.0,0.4444,0.0,0.5,0.1611
891,axiscades_technologies_ltd_2023_2024,0.0,0.0,0.4444,0.0,0.5,0.1611
892,arvind_fashions_ltd_2023_2024,0.0,0.0,0.4444,0.0,0.5,0.1611
893,heg_ltd_2023_2024,0.0,0.0,0.4444,0.0,0.5,0.1611
894,craftsman_automation_ltd_2023_2024,0.0,0.0,0.4444,0.0,0.5,0.1611
895,rashi_peripherals_ltd_2023_2024,0.0,0.0,0.4444,0.0,0.5,0.1611
896,cosmo_first_ltd_2023_2024,0.0,0.0,0.4444,0.0,0.5,0.1611
897,relaxo_footwears_ltd_2023_2024,0.0,0.0,0.4444,0.0,0.5,0.1611
898,aditya_birla_sun_life_amc_ltd_2023_2024,0.0,0.0,0.4444,0.0,0.5,0.1611
899,csb_bank_ltd_2023_2024,0.0,0.0,0.4444,0.0,0.5,0.1611
900,uttam_sugar_mills_ltd_2023_2024,0.0,0.0,0.4444,0.0,0.5,0.1611
901,syncom_formulations_india_ltd_2023_2024,0.0,0.0,0.4444,0.0,0.5,0.1611
902,ramco_industries_ltd_2023_2024,0.0,0.0,0.4444,0.0,0.5,0.1611
903,india_glycols_ltd_2023_2024,0.0,0.0,0.4444,0.0,0.5,0.1611
904,kiri_industries_ltd_2023_2024,0.0,0.0,0.4444,0.0,0.5,0.1611
905,esaf_small_finance_bank_ltd_2023_2024,0.0,0.0,0.4444,0.0,0.5,0.1611
906,swan_energy_ltd_2023_2024,0.0,0.0,0.4444,0.0,0.5,0.1611
907,divis_laboratories_ltd_2023_2024,0.0,0.0,0.4444,0.0,0.5,0.1611
908,hawkins_cookers_ltd_2023_2024,0.0,0.0,0.4444,0.0,0.5,0.1611
909,anjani_portland_cement_ltd_2023_2024,0.0,0.0,0.4444,0.0,0.5,0.1611
910,container_corporation_of_india_ltd_2023_2024,0.0,0.0,0.4444,0.0,0.5,0.1611
911,hathway_cable_datacom_ltd_2023_2024,0.0,0.0,0.4444,0.0,0.5,0.1611
912,lincoln_pharmaceuticals_ltd_2023_2024,0.0,0.0,0.4444,0.0,0.5,0.1611
913,saregama_india_ltd_2023_2024,0.0,0.0,0.4444,0.0,0.5,0.1611
914,bombay_burmah_trading_corpltd_2023_2024,0.0,0.0,0.4444,0.0,0.5,0.1611
915,avt_natural_products_ltd_2023_2024,0.0,0.0,0.4444,0.0,0.5,0.1611
916,asian_paints_ltd_2023_2024,0.0,0.0,0.4444,0.0,0.5,0.1611
917,mangalore_chemicals_fertilizers_ltd_2023_2024,0.0,0.0,0.4444,0.0,0.5,0.1611
918,aurionpro_solutions_ltd_2023_2024,0.0,0.0,0.4444,0.0,0.5,0.1611
919,genesys_international_corporation_ltd_2023_2024,0.0,0.0,0.4444,0.0,0.5,0.1611
920,can_fin_homes_ltd_2023_2024,0.0,0.0,0.4444,0.0,0.5,0.1611
921,lux_industries_ltd_2023_2024,0.0,0.0,0.4444,0.0,0.5,0.1611
922,gensol_engineering_ltd_2023_2024,0.0,0.0,0.4444,0.0,0.5,0.1611
923,ttk_prestige_ltd_2023_2024,0.0,0.0,0.4444,0.0,0.5,0.1611
924,carborundum_universal_ltd_2023_2024,0.0,0.0,0.4444,0.0,0.5,0.1611
925,cg_power_and_industrial_solutions_ltd_2023_2024,0.0698,0.4333,0.1111,0.0,0.5,0.1602
926,rajesh_exports_ltd_2023_2024,0.125,0.3333,0.1111,0.0,0.5,0.159
927,novartis_india_ltd_2023_2024,0.125,0.3333,0.1111,0.0,0.5,0.159
928,automotive_stampings_assemblies_ltd_2023_2024,0.125,0.3333,0.1111,0.0,0.5,0.159
929,nucleus_software_exports_ltd_2023_2024,0.1138,0.6667,0.1111,0.0,0.0,0.1562
930,shipping_corporation_of_india_land_and_assets_ltd_2023_2024,0.0,0.0,0.2222,0.0,1.0,0.1556
931,jsw_holdings_limited_2023_2024,0.0,0.0,0.2222,0.0,1.0,0.1556
932,jindal_saw_ltd_2023_2024,0.0,0.0,0.5556,0.0,0.0,0.1389
933,solar_industries_india_ltd_2023_2024,0.0,0.0,0.3333,0.0,0.5,0.1333
934,anant_raj_limited_2023_2024,0.0,0.0,0.3333,0.0,0.5,0.1333
935,lic_housing_finance_ltd_2023_2024,0.0,0.0,0.3333,0.0,0.5,0.1333
936,everest_industries_ltd_2023_2024,0.0,0.0,0.3333,0.0,0.5,0.1333
937,d_b_corp_ltd_2023_2024,0.0,0.0,0.3333,0.0,0.5,0.1333
938,technocraft_industries_india_ltd_2023_2024,0.0,0.0,0.3333,0.0,0.5,0.1333
939,moil_ltd_2023_2024,0.0,0.0,0.3333,0.0,0.5,0.1333
940,go_fashion_india_ltd_2023_2024,0.0,0.0,0.3333,0.0,0.5,0.1333
941,glenmark_pharmaceuticals_ltd_2023_2024,0.0,0.0,0.3333,0.0,0.5,0.1333
942,sanghi_industries_ltd_2023_2024,0.0,0.0,0.3333,0.0,0.5,0.1333
943,mphasis_ltd_2023_2024,0.0,0.0,0.3333,0.0,0.5,0.1333
944,panacea_biotec_ltd_2023_2024,0.0,0.0,0.3333,0.0,0.5,0.1333
945,bannari_amman_sugars_ltd_2023_2024,0.0,0.0,0.3333,0.0,0.5,0.1333
946,nbcc_india_ltd_2023_2024,0.0,0.0,0.3333,0.0,0.5,0.1333
947,dee_development_engineers_ltd_2023_2024,0.0,0.0,0.3333,0.0,0.5,0.1333
948,foseco_india_ltd_2022_2023,0.0,0.0,0.3333,0.0,0.5,0.1333
949,healthcare_global_enterprises_ltd_2023_2024,0.0,0.0,0.3333,0.0,0.5,0.1333
950,icici_bank_ltd_2023_2024,0.0,0.0,0.3333,0.0,0.5,0.1333
951,signpost_india_ltd_2023_2024,0.0,0.0,0.3333,0.0,0.5,0.1333
952,bombay_dyeing_mfgcoltd_2023_2024,0.0,0.0,0.3333,0.0,0.5,0.1333
953,jamna_auto_industries_ltd_2022_2023,0.0,0.0,0.3333,0.0,0.5,0.1333
954,racl_geartech_ltd_2022_2023,0.0,0.0,0.3333,0.0,0.5,0.1333
955,r_r_kabel_ltd_2023_2024,0.0,0.0,0.3333,0.0,0.5,0.1333
956,affle_india_ltd_2023_2024,0.0,0.0,0.3333,0.0,0.5,0.1333
957,care_ratings_ltd_2023_2024,0.0,0.0,0.3333,0.0,0.5,0.1333
958,ttk_healthcare_ltd_2023_2024,0.0,0.0,0.3333,0.0,0.5,0.1333
959,kellton_tech_solutions_ltd_2023_2024,0.0,0.0,0.3333,0.0,0.5,0.1333
960,thirumalai_chemicals_ltd_2023_2024,0.0,0.0,0.3333,0.0,0.5,0.1333
961,styrenix_performance_materials_ltd_2023_2024,0.0,0.0,0.3333,0.0,0.5,0.1333
962,ujjivan_small_finance_bank_ltd_2023_2024,0.0,0.0,0.3333,0.0,0.5,0.1333
963,poonawalla_fincorp_ltd_2023_2024,0.0,0.0,0.3333,0.0,0.5,0.1333
964,kitex_garments_ltd_2023_2024,0.0,0.0,0.3333,0.0,0.5,0.1333
965,precision_wires_india_ltd_2023_2024,0.0,0.0,0.3333,0.0,0.5,0.1333
966,kovai_medical_center_hospital_ltd_2023_2024,0.0,0.0,0.3333,0.0,0.5,0.1333
967,diamond_power_infrastructure_limited_2023_2024,0.0,0.0,0.3333,0.0,0.5,0.1333
968,krishna_institute_of_medical_sciences_ltd_2023_2024,0.0,0.0,0.3333,0.0,0.5,0.1333
969,bls_international_services_ltd_2023_2024,0.0,0.0,0.3333,0.0,0.5,0.1333
970,laurus_labs_ltd_2023_2024,0.0,0.0,0.3333,0.0,0.5,0.1333
971,isgec_heavy_engineering_ltd_2023_2024,0.0,0.0,0.3333,0.0,0.5,0.1333
972,united_drilling_tools_ltd_2023_2024,0.0,0.0,0.3333,0.0,0.5,0.1333
973,manali_petrochemical_ltd_2023_2024,0.0,0.0,0.3333,0.0,0.5,0.1333
974,indian_overseas_bank_2023_2024,0.0,0.0,0.3333,0.0,0.5,0.1333
975,elecon_engineering_coltd_2023_2024,0.0,0.0,0.3333,0.0,0.5,0.1333
976,himatsingka_seide_ltd_2023_2024,0.0,0.0,0.3333,0.0,0.5,0.1333
977,vardhman_textiles_ltd_2023_2024,0.0,0.0,0.3333,0.0,0.5,0.1333
978,hindustan_aeronautics_ltd_2023_2024,0.0,0.0,0.3333,0.0,0.5,0.1333
979,cms_info_systems_ltd_2023_2024,0.0,0.0,0.3333,0.0,0.5,0.1333
980,valor_estate_ltd_2023_2024,0.0,0.0,0.3333,0.0,0.5,0.1333
981,hle_glascoat_ltd_2023_2024,0.0,0.0,0.3333,0.0,0.5,0.1333
982,honda_india_power_products_ltd_2023_2024,0.0,0.0,0.3333,0.0,0.5,0.1333
983,rec_ltd_2023_2024,0.0,0.0,0.3333,0.0,0.5,0.1333
984,the_ramco_cements_limited_2023_2024,0.0,0.0,0.3333,0.0,0.5,0.1333
985,banco_products_india_ltd_2023_2024,0.0,0.0,0.3333,0.0,0.5,0.1333
986,sportking_india_ltd_2023_2024,0.0,0.0,0.3333,0.0,0.5,0.1333
987,ideaforge_technology_ltd_2023_2024,0.0,0.0,0.3333,0.0,0.5,0.1333
988,orient_green_power_company_ltd_2023_2024,0.0,0.0,0.3333,0.0,0.5,0.1333
989,easy_trip_planners_ltd_2023_2024,0.0,0.0,0.3333,0.0,0.5,0.1333
990,finolex_industries_ltd_2023_2024,0.0,0.0,0.3333,0.0,0.5,0.1333
991,graphite_india_ltd_2023_2024,0.025,0.0,0.0,0.3,0.5,0.1313
992,sg_mart_ltd_2023_2024,0.0,0.0,0.1111,0.0,1.0,0.1278
993,entero_healthcare_solutions_ltd_2023_2024,0.0,0.0,0.4444,0.0,0.0,0.1111
994,t_d_power_systems_ltd_2023_2024,0.0,0.0,0.4444,0.0,0.0,0.1111
995,borosil_renewables_ltd_2023_2024,0.0,0.0,0.4444,0.0,0.0,0.1111
996,thermax_ltd_2023_2024,0.0,0.0,0.4444,0.0,0.0,0.1111
997,jayant_agroorganics_ltd_2021_2022,0.0,0.0,0.4444,0.0,0.0,0.1111
998,gtpl_hathway_ltd_2023_2024,0.0,0.0,0.4444,0.0,0.0,0.1111
999,hg_infra_engineering_ltd_2023_2024,0.0,0.0,0.4444,0.0,0.0,0.1111
1000,aarti_pharmalabs_ltd_2023_2024,0.0,0.0,0.2222,0.0,0.5,0.1056
1001,zensar_technologies_ltd_2023_2024,0.0,0.0,0.2222,0.0,0.5,0.1056
1002,timex_group_india_ltd_2023_2024,0.0,0.0,0.2222,0.0,0.5,0.1056
1003,ahluwalia_contracts_india_ltd_2023_2024,0.0,0.0,0.2222,0.0,0.5,0.1056
1004,arman_financial_services_ltd_2023_2024,0.0,0.0,0.2222,0.0,0.5,0.1056
1005,tvs_supply_chain_solutions_ltd_2023_2024,0.0,0.0,0.2222,0.0,0.5,0.1056
1006,advanced_enzyme_technologies_ltd_2023_2024,0.0,0.0,0.2222,0.0,0.5,0.1056
1007,unichem_laboratories_ltd_2023_2024,0.0,0.0,0.2222,0.0,0.5,0.1056
1008,sundram_fasteners_ltd_2023_2024,0.0,0.0,0.2222,0.0,0.5,0.1056
1009,apeejay_surrendra_park_hotels_ltd_2023_2024,0.0,0.0,0.2222,0.0,0.5,0.1056
1010,sunflag_iron_steel_coltd_2023_2024,0.0,0.0,0.2222,0.0,0.5,0.1056
1011,ajmera_realty_infra_india_ltd_2023_2024,0.0,0.0,0.2222,0.0,0.5,0.1056
1012,aavas_financiers_ltd_2023_2024,0.0,0.0,0.2222,0.0,0.5,0.1056
1013,tilaknagar_industries_ltd_2023_2024,0.0,0.0,0.2222,0.0,0.5,0.1056
1014,venkys (india) ltd._brsr2023,0.0,0.0,0.2222,0.0,0.5,0.1056
1015,vguard_industries_ltd_2023_2024,0.0,0.0,0.2222,0.0,0.5,0.1056
1016,tamilnadu_petroproducts_ltd_2023_2024,0.0,0.0,0.2222,0.0,0.5,0.1056
1017,vipindustries_ltd_2023_2024,0.0,0.0,0.2222,0.0,0.5,0.1056
1018,sirca_paints_india_ltd_2023_2024,0.0,0.0,0.2222,0.0,0.5,0.1056
1019,suven_life_sciences_ltd_2023_2024,0.0,0.0,0.2222,0.0,0.5,0.1056
1020,waaree_renewable_technologies_ltd_2023_2024,0.0,0.0,0.2222,0.0,0.5,0.1056
1021,alok_industries_ltd_2023_2024,0.0,0.0,0.2222,0.0,0.5,0.1056
1022,abbott_india_ltd_2023_2024,0.0,0.0,0.2222,0.0,0.5,0.1056
1023,welspun_specialty_solutions_ltd_2023_2024,0.0,0.0,0.2222,0.0,0.5,0.1056
1024,venkys_india_ltd_2023_2024,0.0,0.0,0.2222,0.0,0.5,0.1056
1025,3i_infotech_ltd_2023_2024,0.0,0.0,0.2222,0.0,0.5,0.1056
1026,shree_digvijay_cement_coltd_2023_2024,0.0,0.0,0.2222,0.0,0.5,0.1056
1027,bharat_electronics_ltd_2023_2024,0.0,0.0,0.2222,0.0,0.5,0.1056
1028,meghmani_finechem_ltd_2022_2023,0.0,0.0,0.2222,0.0,0.5,0.1056
1029,metropolis_healthcare_ltd_2023_2024,0.0,0.0,0.2222,0.0,0.5,0.1056
1030,mirza_international_ltd_2023_2024,0.0,0.0,0.2222,0.0,0.5,0.1056
1031,63_moons_technologies_ltd_2023_2024,0.0,0.0,0.2222,0.0,0.5,0.1056
1032,neuland_laboratories_ltd_2023_2024,0.0,0.0,0.2222,0.0,0.5,0.1056
1033,nirlon_ltd_2023_2024,0.0,0.0,0.2222,0.0,0.5,0.1056
1034,nitin_spinners_ltd_2023_2024,0.0,0.0,0.2222,0.0,0.5,0.1056
1035,olectra_greentech_ltd_2023_2024,0.0,0.0,0.2222,0.0,0.5,0.1056
1036,one_97_communications_ltd_2023_2024,0.0,0.0,0.2222,0.0,0.5,0.1056
1037,oracle_financial_services_software_ltd_2023_2024,0.0,0.0,0.2222,0.0,0.5,0.1056
1038,paisalo_digital_ltd_2023_2024,0.0,0.0,0.2222,0.0,0.5,0.1056
1039,paramount_communications_ltd_2023_2024,0.0,0.0,0.2222,0.0,0.5,0.1056
1040,pearl_global_industries_limited_2023_2024,0.0,0.0,0.2222,0.0,0.5,0.1056
1041,piccadily_agro_industries_ltd_2023_2024,0.0,0.0,0.2222,0.0,0.5,0.1056
1042,axtel_industries_ltd_2023_2024,0.0,0.0,0.2222,0.0,0.5,0.1056
1043,pix_transmissions_ltd_2023_2024,0.0,0.0,0.2222,0.0,0.5,0.1056
1044,pnb_gilts_ltd_2023_2024,0.0,0.0,0.2222,0.0,0.5,0.1056
1045,pnc_infratech_ltd_2023_2024,0.0,0.0,0.2222,0.0,0.5,0.1056
1046,avenue_supermarts_ltd_2023_2024,0.0,0.0,0.2222,0.0,0.5,0.1056
1047,medi_assist_healthcare_services_ltd_2023_2024,0.0,0.0,0.2222,0.0,0.5,0.1056
1048,mangalam_cement_ltd_2023_2024,0.0,0.0,0.2222,0.0,0.5,0.1056
1049,psp_projects_ltd_2023_2024,0.0,0.0,0.2222,0.0,0.5,0.1056
1050,man_industries_india_ltd_2023_2024,0.0,0.0,0.2222,0.0,0.5,0.1056
1051,dp_abhushan_ltd_2023_2024,0.0,0.0,0.2222,0.0,0.5,0.1056
1052,eveready_industries_india_ltd_2023_2024,0.0,0.0,0.2222,0.0,0.5,0.1056
1053,deep_industries_ltd_2023_2024,0.0,0.0,0.2222,0.0,0.5,0.1056
1054,fedbank_financial_services_ltd_2023_2024,0.0,0.0,0.2222,0.0,0.5,0.1056
1055,fiem_industries_ltd_2023_2024,0.0,0.0,0.2222,0.0,0.5,0.1056
1056,force_motors_ltd_2023_2024,0.0,0.0,0.2222,0.0,0.5,0.1056
1057,future_consumer_ltd_2022_2023,0.0,0.0,0.2222,0.0,0.5,0.1056
1058,gati_ltd_2022_2023,0.0,0.0,0.2222,0.0,0.5,0.1056
1059,d_b_realty_ltd_2022_2023,0.0,0.0,0.2222,0.0,0.5,0.1056
1060,goldiam_international_ltd_2023_2024,0.0,0.0,0.2222,0.0,0.5,0.1056
1061,greenpanel_industries_ltd_2023_2024,0.0,0.0,0.2222,0.0,0.5,0.1056
1062,hester_biosciences_ltd_2023_2024,0.0,0.0,0.2222,0.0,0.5,0.1056
1063,hinduja_global_solutions_ltd_2023_2024,0.0,0.0,0.2222,0.0,0.5,0.1056
1064,hindware_home_innovation_ltd_2023_2024,0.0,0.0,0.2222,0.0,0.5,0.1056
1065,hmt_ltd_2022_2023,0.0,0.0,0.2222,0.0,0.5,0.1056
1066,ircon_international_ltd_2022_2023,0.0,0.0,0.2222,0.0,0.5,0.1056
1067,kabra_extrusiontechnik_ltd_2023_2024,0.0,0.0,0.2222,0.0,0.5,0.1056
1068,lloyds_engineering_works_ltd_2023_2024,0.0,0.0,0.2222,0.0,0.5,0.1056
1069,shoppers_stop_ltd_2023_2024,0.0,0.0,0.2222,0.0,0.5,0.1056
1070,protean_egov_technologies_ltd_2023_2024,0.0,0.0,0.2222,0.0,0.5,0.1056
1071,bikaji_foods_international_ltd_2023_2024,0.0,0.0,0.2222,0.0,0.5,0.1056
1072,sg_finserve_ltd_2023_2024,0.0,0.0,0.2222,0.0,0.5,0.1056
1073,sai_silks_kalamandir_ltd_2023_2024,0.0,0.0,0.2222,0.0,0.5,0.1056
1074,ashok_leyland_ltd_2023_2024,0.0,0.0,0.2222,0.0,0.5,0.1056
1075,ratnamani_metals_tubes_ltd_2023_2024,0.0,0.0,0.2222,0.0,0.5,0.1056
1076,india_shelter_finance_corporation_ltd_2023_2024,0.0,0.0,0.2222,0.0,0.5,0.1056
1077,autoline_industries_ltd_2023_2024,0.0,0.0,0.2222,0.0,0.5,0.1056
1078,avadh_sugar_energy_ltd_2023_2024,0.0,0.0,0.2222,0.0,0.5,0.1056
1079,shankara_building_products_ltd_2023_2024,0.0,0.0,0.2222,0.0,0.5,0.1056
1080,repro_india_ltd_2023_2024,0.0,0.0,0.2222,0.0,0.5,0.1056
1081,sepc_ltd_2023_2024,0.0,0.0,0.2222,0.0,0.5,0.1056
1082,raghuvansh_agrofarms_ltd_2023_2024,0.0,0.0,0.2222,0.0,0.5,0.1056
1083,radico_khaitan_ltd_2023_2024,0.0,0.0,0.2222,0.0,0.5,0.1056
1084,fineotex_chemical_ltd_2022_2023,0.0,0.0,0.0,0.0,1.0,0.1
1085,lloyds_steels_industries_ltd_2022_2023,0.0,0.0,0.3333,0.0,0.0,0.0833
1086,apollo_hospitals_enterprise_ltd_2023_2024,0.0,0.0,0.3333,0.0,0.0,0.0833
1087,lemon_tree_hotels_ltd_2023_2024,0.0,0.0,0.3333,0.0,0.0,0.0833
1088,kesoram_industries_ltd_2023_2024,0.0,0.0,0.1111,0.0,0.5,0.0778
1089,central_bank_of_india_2023_2024,0.0,0.0,0.1111,0.0,0.5,0.0778
1090,indoco_remedies_ltd_2023_2024,0.0,0.0,0.1111,0.0,0.5,0.0778
1091,chaman_lal_setia_exports_ltd_2023_2024,0.0,0.0,0.1111,0.0,0.5,0.0778
1092,uniphos_enterprises_ltd_2023_2024,0.0,0.0,0.1111,0.0,0.5,0.0778
1093,uniparts_india_ltd_2023_2024,0.0,0.0,0.1111,0.0,0.5,0.0778
1094,ugro_capital_ltd_2023_2024,0.0,0.0,0.1111,0.0,0.5,0.0778
1095,intellect_design_arena_ltd_2023_2024,0.0,0.0,0.1111,0.0,0.5,0.0778
1096,la_opala_rg_ltd_2023_2024,0.0,0.0,0.1111,0.0,0.5,0.0778
1097,ksb_ltd_2022_2023,0.0,0.0,0.1111,0.0,0.5,0.0778
1098,asian_star_coltd_2023_2024,0.0,0.0,0.1111,0.0,0.5,0.0778
1099,iti_ltd_2022_2023,0.0,0.0,0.1111,0.0,0.5,0.0778
1100,jindal_poly_films_ltd_2023_2024,0.0,0.0,0.1111,0.0,0.5,0.0778
1101,kfin_technologies_ltd_2023_2024,0.0,0.0,0.1111,0.0,0.5,0.0778
1102,cello_world_ltd_2023_2024,0.0,0.0,0.1111,0.0,0.5,0.0778
1103,ptc_india_ltd_2023_2024,0.0,0.0,0.1111,0.0,0.5,0.0778
1104,jyoti_resins_adhesives_ltd_2023_2024,0.0,0.0,0.1111,0.0,0.5,0.0778
1105,kpi_green_energy_ltd_2023_2024,0.0,0.0,0.1111,0.0,0.5,0.0778
1106,knowledge_marine_engineering_works_ltd_2022_2023,0.0,0.0,0.1111,0.0,0.5,0.0778
1107,ags_transact_technologies_ltd_2023_2024,0.0,0.0,0.1111,0.0,0.5,0.0778
1108,chemcon_speciality_chemicals_ltd_2023_2024,0.0,0.0,0.1111,0.0,0.5,0.0778
1109,saksoft_ltd_2023_2024,0.0,0.0,0.1111,0.0,0.5,0.0778
1110,kansai_nerolac_paints_ltd_2023_2024,0.0,0.0,0.1111,0.0,0.5,0.0778
1111,kingfa_science_technology_india_ltd_2023_2024,0.0,0.0,0.1111,0.0,0.5,0.0778
1112,camlin_fine_sciences_ltd_2023_2024,0.0,0.0,0.1111,0.0,0.5,0.0778
1113,indo_rama_synthetics_india_ltd_2023_2024,0.0,0.0,0.1111,0.0,0.5,0.0778
1114,just_dial_ltd_2023_2024,0.0,0.0,0.1111,0.0,0.5,0.0778
1115,imagicaaworld_entertainment_ltd_2023_2024,0.0,0.0,0.1111,0.0,0.5,0.0778
1116,iifl_wealth_management_ltd_2021_2022,0.0,0.0,0.1111,0.0,0.5,0.0778
1117,dhampur_bio_organics_ltd_2023_2024,0.0,0.0,0.1111,0.0,0.5,0.0778
1118,delta_corp_ltd_2023_2024,0.0,0.0,0.1111,0.0,0.5,0.0778
1119,shilchar_technologies_ltd_2023_2024,0.0,0.0,0.1111,0.0,0.5,0.0778
1120,fdc_ltd_2023_2024,0.0,0.0,0.1111,0.0,0.5,0.0778
1121,federalmogul_goetze_india_ltd_2023_2024,0.0,0.0,0.1111,0.0,0.5,0.0778
1122,fino_payments_bank_ltd_2023_2024,0.0,0.0,0.1111,0.0,0.5,0.0778
1123,shalimar_paints_ltd_2023_2024,0.0,0.0,0.1111,0.0,0.5,0.0778
1124,g_r_infraprojects_ltd_2022_2023,0.0,0.0,0.1111,0.0,0.5,0.0778
1125,gallantt_ispat_ltd_2023_2024,0.0,0.0,0.1111,0.0,0.5,0.0778
1126,vrl_logistics_ltd_2023_2024,0.0,0.0,0.1111,0.0,0.5,0.0778
1127,gocl_corporation_ltd_2023_2024,0.0,0.0,0.1111,0.0,0.5,0.0778
1128,sis_ltd_2023_2024,0.0,0.0,0.1111,0.0,0.5,0.0778
1129,action_construction_equipment_ltd_2023_2024,0.0,0.0,0.1111,0.0,0.5,0.0778
1130,vishnu_prakash_r_punglia_ltd_2023_2024,0.0,0.0,0.1111,0.0,0.5,0.0778
1131,greenply_industries_ltd_2023_2024,0.0,0.0,0.1111,0.0,0.5,0.0778
1132,vijaya_diagnostic_centre_ltd_2023_2024,0.0,0.0,0.1111,0.0,0.5,0.0778
1133,gujarat_industries_power_coltd_2023_2024,0.0,0.0,0.1111,0.0,0.5,0.0778
1134,happiest_minds_technologies_ltd_2023_2024,0.0,0.0,0.1111,0.0,0.5,0.0778
1135,heidelbergcement_india_ltd_2023_2024,0.0,0.0,0.1111,0.0,0.5,0.0778
1136,hemisphere_properties_india_ltd_2023_2024,0.0,0.0,0.1111,0.0,0.5,0.0778
1137,hercules_hoists_ltd_2023_2024,0.0,0.0,0.1111,0.0,0.5,0.0778
1138,ashiana_housing_ltd_2023_2024,0.0,0.0,0.1111,0.0,0.5,0.0778
1139,cochin_shipyard_ltd_2023_2024,0.0,0.0,0.1111,0.0,0.5,0.0778
1140,adani_wilmar_ltd_2023_2024,0.0,0.0,0.1111,0.0,0.5,0.0778
1141,hindustan_oil_exploration_coltd_2023_2024,0.0,0.0,0.1111,0.0,0.5,0.0778
1142,lloyds_enterprises_ltd_2023_2024,0.0,0.0,0.1111,0.0,0.5,0.0778
1143,sbfc_finance_ltd_2023_2024,0.0,0.0,0.1111,0.0,0.5,0.0778
1144,honasa_consumer_ltd_2023_2024,0.0,0.0,0.1111,0.0,0.5,0.0778
1145,honeywell_automation_india_ltd_2023_2024,0.0,0.0,0.1111,0.0,0.5,0.0778
1146,vardhman_holdings_ltd_2023_2024,0.0,0.0,0.1111,0.0,0.5,0.0778
1147,disa_india_ltd_2023_2024,0.0,0.0,0.1111,0.0,0.5,0.0778
1148,netweb_technologies_india_ltd_2023_2024,0.0,0.0,0.1111,0.0,0.5,0.0778
1149,paushak_ltd_2022_2023,0.0,0.0,0.1111,0.0,0.5,0.0778
1150,pitti_engineering_ltd_2023_2024,0.0,0.0,0.1111,0.0,0.5,0.0778
1151,basf_india_ltd_2023_2024,0.0,0.0,0.1111,0.0,0.5,0.0778
1152,barbequenation_hospitality_ltd_2023_2024,0.0,0.0,0.1111,0.0,0.5,0.0778
1153,quick_heal_technologies_ltd_2022_2023,0.0,0.0,0.1111,0.0,0.5,0.0778
1154,sutlej_textiles_industries_ltd_2023_2024,0.0,0.0,0.1111,0.0,0.5,0.0778
1155,pc_jeweller_ltd_2023_2024,0.0,0.0,0.1111,0.0,0.5,0.0778
1156,music_broadcast_ltd_2023_2024,0.0,0.0,0.1111,0.0,0.5,0.0778
1157,muthoot_microfin_ltd_2023_2024,0.0,0.0,0.1111,0.0,0.5,0.0778
1158,nandan_denim_limited_2023_2024,0.0,0.0,0.1111,0.0,0.5,0.0778
1159,tatva_chintan_pharma_chem_ltd_2023_2024,0.0,0.0,0.1111,0.0,0.5,0.0778
1160,panama_petrochem_ltd_2023_2024,0.0,0.0,0.1111,0.0,0.5,0.0778
1161,raj_rayon_industries_limited_2023_2024,0.0,0.0,0.1111,0.0,0.5,0.0778
1162,ndl_ventures_ltd_2023_2024,0.0,0.0,0.1111,0.0,0.5,0.0778
1163,nelcast_ltd_2023_2024,0.0,0.0,0.1111,0.0,0.5,0.0778
1164,oriental_hotels_ltd_2023_2024,0.0,0.0,0.1111,0.0,0.5,0.0778
1165,apex_frozen_foods_ltd_2023_2024,0.0,0.0,0.1111,0.0,0.5,0.0778
1166,tasty_bite_eatables_ltd_2023_2024,0.0,0.0,0.1111,0.0,0.5,0.0778
1167,rane_holdings_ltd_2023_2024,0.0,0.0,0.1111,0.0,0.5,0.0778
1168,punjab_sind_bank_2023_2024,0.0,0.0,0.1111,0.0,0.5,0.0778
1169,pilani_investment_and_industries_corporation_ltd_2023_2024,0.0,0.0,0.1111,0.0,0.5,0.0778
1170,new_delhi_television_ltd_2023_2024,0.0,0.0,0.1111,0.0,0.5,0.0778
1171,rhetan_tmt_ltd_2023_2024,0.0,0.0,0.1111,0.0,0.5,0.0778
1172,thangamayil_jewellery_ltd_2023_2024,0.0,0.0,0.1111,0.0,0.5,0.0778
1173,maithan_alloys_ltd_2023_2024,0.0,0.0,0.1111,0.0,0.5,0.0778
1174,alembic_ltd_2023_2024,0.0,0.0,0.1111,0.0,0.5,0.0778
1175,bharat_wire_ropes_ltd_2023_2024,0.0,0.0,0.1111,0.0,0.5,0.0778
1176,praj_industries_ltd_2023_2024,0.0,0.0,0.1111,0.0,0.5,0.0778
1177,ppap_automotive_limited_2023_2024,0.0,0.0,0.1111,0.0,0.5,0.0778
1178,subex_ltd_2023_2024,0.0,0.0,0.1111,0.0,0.5,0.0778
1179,dcb_bank_limited_2023_2024,0.0,0.0,0.2222,0.0,0.0,0.0556
1180,jyoti_cnc_automation_ltd_2023_2024,0.0,0.0,0.2222,0.0,0.0,0.0556
1181,dishman_carbogen_amcis_ltd_2023_2024,0.0,0.0,0.0,0.0,0.5,0.05
1182,dolat_algotech_ltd_2023_2024,0.0,0.0,0.0,0.0,0.5,0.05
1183,shivalik_bimetal_controls_ltd_2023_2024,0.0,0.0,0.0,0.0,0.5,0.05
1184,data_patterns_india_ltd_2023_2024,0.0,0.0,0.0,0.0,0.5,0.05
1185,bajaj_holdings_investment_ltd_2023_2024,0.0,0.0,0.0,0.0,0.5,0.05
1186,ramco_systems_ltd_2023_2024,0.0,0.0,0.0,0.0,0.5,0.05
1187,confidence_petroleum_india_ltd_2023_2024,0.0,0.0,0.0,0.0,0.5,0.05
1188,nureca_ltd_2023_2024,0.0,0.0,0.0,0.0,0.5,0.05
1189,dreamfolks_services_ltd_2023_2024,0.0,0.0,0.0,0.0,0.5,0.05
1190,rattanindia_enterprises_ltd_2023_2024,0.0,0.0,0.0,0.0,0.5,0.05
1191,gtl_infrastructure_ltd_2023_2024,0.0,0.0,0.0,0.0,0.5,0.05
1192,filatex_india_ltd_2023_2024,0.0,0.0,0.0,0.0,0.5,0.05
1193,seamec_ltd_2023_2024,0.0,0.0,0.0,0.0,0.5,0.05
1194,gravita_india_ltd_2023_2024,0.0,0.0,0.0,0.0,0.5,0.05
1195,zee_media_corporation_limited_2023_2024,0.0,0.0,0.0,0.0,0.5,0.05
1196,abans_holdings_ltd_2023_2024,0.0,0.0,0.0,0.0,0.5,0.05
1197,vishnu_chemicals_ltd_2023_2024,0.0,0.0,0.0,0.0,0.5,0.05
1198,praveg_ltd_2023_2024,0.0,0.0,0.0,0.0,0.5,0.05
1199,prataap_snacks_ltd_2023_2024,0.0,0.0,0.0,0.0,0.5,0.05
1200,expleo_solutions_ltd_2023_2024,0.0,0.0,0.0,0.0,0.5,0.05
1201,azad_engineering_ltd_2023_2024,0.0,0.0,0.0,0.0,0.5,0.05
1202,gem_enviro_management_ltd_2023_2024,0.0,0.0,0.0,0.0,0.5,0.05
1203,ge_td_india_ltd_2023_2024,0.0,0.0,0.0,0.0,0.5,0.05
1204,newgen_software_technologies_ltd_2023_2024,0.0,0.0,0.0,0.0,0.5,0.05
1205,shanthi_gears_ltd_2023_2024,0.0,0.0,0.0,0.0,0.5,0.05
1206,ptc_india_financial_services_ltd_2023_2024,0.0,0.0,0.0,0.0,0.5,0.05
1207,poly_medicure_ltd_2023_2024,0.0,0.0,0.0,0.0,0.5,0.05
1208,precision_camshafts_ltd_2023_2024,0.0,0.0,0.0,0.0,0.5,0.05
1209,rpg_life_sciences_ltd_2023_2024,0.0,0.0,0.0,0.0,0.5,0.05
1210,rbl_bank_ltd_2023_2024,0.0,0.0,0.0,0.0,0.5,0.05
1211,kalyan_jewellers_india_ltd_2023_2024,0.0,0.0,0.0,0.0,0.5,0.05
1212,ugar_sugar_works_ltd_2023_2024,0.0,0.0,0.0,0.0,0.5,0.05
1213,inox_wind_energy_ltd_2023_2024,0.0,0.0,0.0,0.0,0.5,0.05
1214,bengal_assam_company_ltd_2023_2024,0.0,0.0,0.0,0.0,0.5,0.05
1215,magellanic_cloud_ltd_2023_2024,0.0,0.0,0.0,0.0,0.5,0.05
1216,jindal_drilling_industries_ltd_2023_2024,0.0,0.0,0.0,0.0,0.5,0.05
1217,mishtann_foods_ltd_2023_2024,0.0,0.0,0.0,0.0,0.5,0.05
1218,religare_enterprises_ltd_2022_2023,0.0,0.0,0.0,0.0,0.5,0.05
1219,kama_holdings_limited_2023_2024,0.0,0.0,0.0,0.0,0.5,0.05
1220,inox_green_energy_services_ltd_2023_2024,0.0,0.0,0.0,0.0,0.5,0.05
1221,rishabh_instruments_ltd_2023_2024,0.0,0.0,0.0,0.0,0.5,0.05
1222,india_tourism_development_corporation_ltd_2023_2024,0.0,0.0,0.0,0.0,0.5,0.05
1223,khaitan_chemicals_fertilizers_ltd_2023_2024,0.0,0.0,0.0,0.0,0.5,0.05
1224,rolex_rings_ltd_2023_2024,0.0,0.0,0.0,0.0,0.5,0.05
1225,maharashtra_seamless_ltd_2023_2024,0.0,0.0,0.0,0.0,0.5,0.05
1226,maharashtra_scooters_ltd_2023_2024,0.0,0.0,0.0,0.0,0.5,0.05
1227,black_rose_industries_ltd_2023_2024,0.0,0.0,0.0,0.0,0.5,0.05
1228,inox_wind_ltd_2023_2024,0.0,0.0,0.0,0.0,0.5,0.05
1229,best_agrolife_ltd_2023_2024,0.0,0.0,0.0,0.0,0.5,0.05
1230,stovec_industries_ltd_2022_2023,0.0,0.0,0.0,0.0,0.5,0.05
1231,dish_tv_india_ltd_2023_2024,0.0,0.0,0.0,0.0,0.5,0.05
1232,smc_global_securities_ltd_2023_2024,0.0,0.0,0.0,0.0,0.5,0.05
1233,ifb_industries_ltd_2023_2024,0.0,0.0,0.0,0.0,0.5,0.05
1234,innova_captab_ltd_2023_2024,0.0,0.0,0.0,0.0,0.5,0.05
1235,infibeam_avenues_ltd_2023_2024,0.0,0.0,0.0,0.0,0.5,0.05
1236,ifci_ltd_2023_2024,0.0,0.0,0.0,0.0,0.5,0.05
1237,utkarsh_small_finance_bank_ltd_2023_2024,0.0,0.0,0.0,0.0,0.5,0.05
1238,urja_global_ltd_2023_2024,0.0,0.0,0.0,0.0,0.5,0.05
1239,chemplast_sanmar_ltd_2023_2024,0.0,0.0,0.0,0.0,0.5,0.05
1240,inox_india_ltd_2023_2024,0.0,0.0,0.0,0.0,0.5,0.05
1241,elgi_equipments_ltd_2023_2024,0.0,0.0,0.1111,0.0,0.0,0.0278
1242,rites_ltd_2023_2024,0.0,0.0,0.1111,0.0,0.0,0.0278
1243,manorama_industries_ltd_2023_2024,0.0,0.0,0.1111,0.0,0.0,0.0278
1244,mmforgings_ltd_2023_2024,0.0,0.0,0.1111,0.0,0.0,0.0278
1245,punjab_national_bank_2023_2024,0.0,0.0,0.1111,0.0,0.0,0.0278
1246,fusion_micro_finance_ltd_2023_2024,0.0,0.0,0.1111,0.0,0.0,0.0278
1247,jammu_kashmir_bank_ltd_2023_2024,0.0,0.0,0.1111,0.0,0.0,0.0278
1248,union_bank_of_india_2023_2024,0.0,0.0,0.1111,0.0,0.0,0.0278
1249,gateway_distriparks_ltd_2023_2024,0.0,0.0,0.1111,0.0,0.0,0.0278
1250,polo_queen_industrial_and_fintech_ltd_2023_2024,0.0,0.0,0.0,0.0,0.5,0.0
1251,aditya_vision_ltd_2023_2024,0.0,0.0,0.0,0.0,0.5,0.0
1252,hexa_tradex_ltd_2023_2024,0.0,0.0,0.0,0.0,0.5,0.0
1253,ujjivan_financial_services_ltd_2022_2023,0.0,0.0,0.0,0.0,0.5,0.0
1254,banaras_beads_ltd_2023_2024,0.0,0.0,0.0,0.0,0.5,0.0
1255,idfc_limited_2022_2023,0.0,0.0,0.0,0.0,0.5,0.0
1256,zaggle_prepaid_ocean_services_ltd_2023_2024,0.0,0.0,0.0,0.0,0.5,0.0
1257,engineers_india_ltd_2022_2023,0.0,0.0,0.0,0.0,0.5,0.0
1258,mmtc_ltd_2023_2024,0.0,0.0,0.0,0.0,0.5,0.0
1259,dcw_ltd_2023_2024,0.0,0.0,0.0,0.0,0.0,0.0
1260,shalby_ltd_2023_2024,0.0,0.0,0.0,0.0,0.0,0.0
1261,national standard (india) ltd._brsr2023,0.0,0.0,0.0,0.0,0.5,0.0
1262,national_standard_india_ltd_2023_2024,0.0,0.0,0.0,0.0,0.5,0.0
1263,jana_small_finance_bank_ltd_2023_2024,0.0,0.0,0.0,0.0,0.0,0.0
1264,suryoday_small_finance_bank_ltd_2023_2024,0.0,0.0,0.0,0.0,0.0,0.0
