,specificity,actionability,compliance,outcome_evidence,risk_tone,transparency,TOS_final,doc_index
0,0.3,0.7778,0.04249,0.7,0.0,0.5788888888888889,0.4480024444444445,360 ONE WAM LIMITED
1,0.3,0.7778,0.061665,0.7,0.0,0.41666666666666674,0.44372633333333333,3I Infotech Limited
2,0.0,0.5556,0.06588,0.25,0.0,0.49,0.22379599999999997,63 moons technologies limited
3,0.0,0.5556,0.0244,0.25,0.0,0.42,0.212,ABANS HOLDINGS LIMITED
4,0.0,0.5556,0.0244,0.25,0.0,0.2,0.201,ADANI POWER LIMITED
5,0.0,0.5556,0.023845,0.25,0.0,0.2,0.20088899999999998,ADANI WILMAR LIMITED
6,0.0,0.7778,0.04111,0.45,0.0,0.2,0.30878200000000006,ADITYA VISION LIMITED
7,0.3,1.0,0.040260000000000004,0.7,0.0,0.7333333333333333,0.4997186666666667,AJMERA REALTY & INFRA INDIA LIMITED
8,0.0,0.7778,0.043742,0.45,0.0,0.574,0.32800840000000003,ALEMBIC PHARMACEUTICALS LIMITED
9,0.0,0.7778,0.085888,0.45,0.0,0.2,0.31773760000000006,ANAND RATHI WEALTH LIMITED
10,0.65,1.0,0.11644571428571429,0.7,0.0,0.5614285714285714,0.5588605714285714,APAR Industries Limited
11,0.0,0.7778,0.043550000000000005,0.45,0.0,0.45999999999999996,0.32227000000000006,APTECH LIMITED
12,0.0,0.7778,0.10735999999999998,0.45,0.0,0.43999999999999995,0.33403200000000005,ARIHANT CAPITAL MARKETS LIMITED
13,0.0,0.5556,0.08662,0.25,0.0,0.45000000000000007,0.22594400000000003,ARVIND LIMITED
14,0.3,0.7778,0.13168,0.7,0.0,0.42,0.457896,ASHIANA HOUSING LIMITED
15,0.0,0.7778,0.02196,0.25,0.0,0.2,0.24495200000000006,ASHOKA BUILDCON LIMITED
16,0.0,0.5556,0.0732,0.25,0.0,0.45000000000000007,0.22326000000000001,ASK Automotive Limited
17,0.0,0.5556,0.06588,0.25,0.0,0.2,0.20929599999999998,AU Small Finance Bank Limited
18,0.0,0.5556,0.04514,0.25,0.0,0.4,0.215148,AVANTEL LIMITED
19,0.0,0.7778,0.0412025,0.45,0.0,0.615,0.3295505,AXISCADES Technologies Limited (hereafter referred to as “AXISCADES” or the “Company”)
20,0.0,0.5556,0.06344,0.25,0.0,0.42,0.21980799999999998,Aarti Industries Limited
21,0.0,0.5556,0.0488,0.25,0.0,0.45000000000000007,0.21838000000000002,Aavas Financiers Limited
22,0.3,1.0,0.07773142857142858,0.7,0.0,0.40714285714285714,0.49090342857142855,Accelya Solutions India Limited
23,0.3,1.0,0.08052000000000001,0.7,0.0,0.6533333333333333,0.5037706666666666,Adani Energy Solutions Limited [“AESL / the Company”] (formerly known as Adani Transmission Limited)
24,0.5,0.7778,0.09538181818181818,0.7,0.0,0.6063636363636363,0.4899545454545455,Adani Enterprises Limited
25,0.3,1.0,0.11066857142857144,0.7,0.0,0.5861904761904762,0.5064432380952381,"Adani Green Energy Limited (""AGEL"" / ""Company"")"
26,0.0,0.5556,0.061,0.45,0.0,0.6033333333333333,0.28848666666666667,Adani Ports and Special Economic Zone Limited
27,0.0,0.5556,0.0427,0.35,0.0,0.41666666666666674,0.24549333333333334,Adani Total Gas Limited (ATGL)
28,0.3,1.0,0.08662,0.7,0.0,0.43999999999999995,0.494324,Aditya Birla Sun Life AMC Limited
29,0.0,0.5556,0.023845,0.25,0.0,0.2,0.20088899999999998,Affle (India) Limited
30,0.0,0.5556,0.02074,0.25,0.0,0.2,0.200268,Agarwal Industrial Corporation Limited
31,0.0,0.5556,0.0,0.25,0.0,0.5,0.21112,Ahluwalia Contracts (India) Limited
32,0.0,0.7778,0.09715624999999999,0.45,0.0,0.41000000000000003,0.33049125000000007,Ajanta Pharma Limited
33,0.0,0.5556,0.0566075,0.25,0.0,0.425,0.21869149999999998,Allcargo Logistics Limited
34,0.0,0.7778,0.09640199999999999,0.45,0.0,0.5753333333333334,0.3386070666666667,Amara Raja Energy and Mobility Limited
35,0.0,0.5556,0.02196,0.25,0.0,0.42,0.211512,Ambuja Cements Limited
36,0.0,0.5556,0.0695,0.45,0.0,0.2,0.27002000000000004,Anant Raj Limited
37,0.0,0.7778,0.13574142857142857,0.25,0.0,0.6414285714285715,0.2897797142857143,Antony Waste Handling Cell Limited
38,0.0,0.5556,0.023180000000000003,0.45,0.0,0.2,0.260756,Apollo Hospitals Enterprise Limited [AHEL]
39,0.0,0.7778,0.042056,0.25,0.0,0.574,0.26767120000000005,Apollo Tyres Limited
40,0.0,0.5556,0.11829999999999999,0.25,0.0,0.75,0.24728000000000003,Aptus Value Housing Finance India Limited
41,0.0,0.7778,0.042944,0.45,0.0,0.2,0.30914880000000006,Arman Financial Services Limited
42,0.0,0.5556,0.086065,0.25,0.0,0.6399999999999999,0.235333,Artemis Medicare Services Limited
43,0.0,0.5556,0.0976,0.25,0.0,0.45000000000000007,0.22814,Arvind Fashions Limited
44,0.0,0.7778,0.081555,0.45,0.0,0.5666666666666667,0.3352043333333333,Arvind SmartSpaces Limited
45,0.0,0.7778,0.08206999999999999,0.45,0.0,0.2,0.31697400000000003,Ashok Leyland Limited
46,0.0,0.5556,0.07443571428571429,0.25,0.0,0.39714285714285713,0.22086428571428568,Asian Paints Limited
47,0.0,0.7778,0.04392,0.25,0.0,0.6699999999999999,0.27284400000000003,Asian Star Company Limited
48,0.0,0.5556,0.081555,0.45,0.0,0.43333333333333335,0.28409766666666664,Aster DM Healthcare Limited
49,0.0,0.5556,0.07824,0.25,0.0,0.424,0.222968,Aurionpro Solutions Limited
50,0.0,0.5556,0.065325,0.25,0.0,0.4,0.21918500000000002,Aurobindo Pharma Limited
51,0.0,0.5556,0.0619425,0.45,0.0,0.6549999999999999,0.29125850000000003,Avadh Sugar & Energy Limited (''ASEL'')
52,0.0,0.7778,0.09310857142857143,0.45,0.0,0.39714285714285713,0.3290388571428572,Avanti Feeds Limited
53,0.3,0.7778,0.05948210526315789,0.7,0.0,0.6121052631578947,0.45306168421052634,Avenue Supermarts Limited
54,0.0,0.5556,0.06954,0.25,0.0,0.43999999999999995,0.22202799999999998,Axis Bank Limited
55,0.0,0.7778,0.07824625,0.25,0.0,0.6275,0.27758425000000003,BALKRISHNA INDUSTRIES LIMITED
56,0.0,0.5556,0.09028,0.35,0.0,0.42,0.255176,BANK OF INDIA
57,0.5,1.0,0.09469399999999999,0.7,0.0,0.582,0.5330388,BANK OF MAHARASHTRA
58,0.0,0.5556,0.02074,0.25,0.0,0.5,0.215268,BERGER PAINTS INDIA LTD.
59,0.0,0.5556,0.02074,0.25,0.0,0.2,0.200268,BF INVESTMENT LIMITED
60,0.0,0.5556,0.06588,0.25,0.0,0.41666666666666674,0.22012933333333332,BHARAT HEAVY ELECTRICALS LIMITED
61,0.3,1.0,0.09399571428571428,0.7,0.0,0.44571428571428573,0.49608485714285716,BLS International Services Limited
62,0.0,0.5556,0.04134125,0.45,0.0,0.36250000000000004,0.27251325,BOSCH LIMITED
63,0.0,0.5556,0.06292,0.25,0.0,0.42,0.21970399999999998,Bajaj Auto Ltd.
64,0.0,0.5556,0.059536,0.45,0.0,0.5886666666666667,0.2874605333333333,Bajaj Finance Limited
65,0.0,0.5556,0.04022,0.25,0.0,0.38333333333333336,0.21333066666666667,Bajaj Hindusthan Sugar Limited
66,0.0,0.5556,0.060186666666666666,0.45,0.0,0.5922222222222222,0.28776844444444444,Bajaj Holdings & Investment Limited
67,0.0,0.7778,0.10860199999999999,0.25,0.0,0.6819999999999999,0.28638040000000003,Bajel Projects Limited
68,0.0,0.7778,0.06466,0.45,0.0,0.4,0.32349200000000006,Balrampur Chini Mills Limited
69,0.0,0.5556,0.06588,0.45,0.0,0.38333333333333336,0.27846266666666664,Bandhan Bank Limited
70,0.45,0.7778,0.045472727272727276,0.7,0.0,0.3863636363636364,0.4614727272727273,Bank of Baroda
71,0.0,0.7778,0.06709999999999999,0.45,0.0,0.4,0.32398000000000005,Bata India Limited
72,0.65,0.7778,0.040165,0.7,0.0,0.6,0.5010930000000001,Bayer CropScience Limited
73,0.0,0.5556,0.0,0.25,0.0,0.2,0.19612000000000002,Bengal & Assam Company Limited
74,0.0,0.5556,0.0,0.25,0.0,0.2,0.19612000000000002,Bharat Dynamics Limited
75,0.0,0.7778,0.06087666666666666,0.45,0.0,0.5944444444444444,0.33245755555555556,Bharat Forge Limited
76,0.3,0.7778,0.0544172,0.7,0.0,0.4104,0.44196344,Bharat Petroleum Corporation Limited
77,0.0,0.7778,0.14343999999999998,0.25,0.0,0.45999999999999996,0.28224800000000005,Bharti Airtel Limited
78,0.0,0.7778,0.14343999999999998,0.25,0.0,0.45999999999999996,0.28224800000000005,Bharti Hexacom Limited
79,0.0,0.5556,0.085888,0.25,0.0,0.598,0.23319760000000003,Biocon Limited
80,0.0,0.7778,0.02196,0.25,0.0,0.2,0.24495200000000006,Birla Corporation Limited
81,0.3,0.7778,0.042056,0.7,0.0,0.594,0.4486712,Birlasoft Limited
82,0.3,0.7778,0.0339925,0.7,0.0,0.605,0.4476085,Black Box Limited
83,0.0,0.5556,0.016042499999999998,0.25,0.0,0.2,0.19932850000000002,Black Rose Industries Limited
84,0.0,0.5556,0.0990025,0.25,0.0,0.645,0.2381705,Blue Dart Express Limited
85,0.0,0.5556,0.042944,0.25,0.0,0.6699999999999999,0.22820880000000002,Borosil Limited
86,0.0,0.7778,0.0448625,0.25,0.0,0.375,0.2582825,Britannia Industries Limited
87,0.0,0.5556,0.1220875,0.25,0.0,0.41000000000000003,0.2310375,C.E. INFO SYSTEMS LIMITED
88,0.0,0.7778,0.02196,0.25,0.0,0.2,0.24495200000000006,CAPACIT''E INFRAPROJECTS LIMITED
89,0.5,0.7778,0.078965,0.7,0.0,0.42,0.477353,CAPITAL INDIA FINANCE LIMITED
90,0.0,0.5556,0.0244,0.25,0.0,0.45000000000000007,0.21350000000000002,CARE Ratings Limited
91,0.0,0.7778,0.11704666666666666,0.25,0.0,0.6366666666666666,0.2858026666666667,CARTRADE TECH LIMITED
92,0.0,0.5556,0.043550000000000005,0.25,0.0,0.45999999999999996,0.21783,CEAT Limited
93,0.0,0.5556,0.047336,0.25,0.0,0.598,0.22548720000000003,CELLO WORLD LIMITED
94,0.0,0.7778,0.07478749999999999,0.45,0.0,0.4,0.32551750000000007,CESC Limited
95,0.0,0.7778,0.084235,0.45,0.0,0.41000000000000003,0.32790700000000006,"CG Power and Industrial Solutions Limited (""the Company"" or ""CG"")"
96,0.0,0.5556,0.0732,0.25,0.0,0.45000000000000007,0.22326000000000001,CHENNAI PETROLEUM CORPORATION LIMITED
97,0.0,0.7778,0.079699,0.45,0.0,0.41600000000000004,0.32729980000000003,CITY UNION BANK LIMITED
98,0.0,0.5556,0.020217142857142857,0.45,0.0,0.2,0.2601634285714286,COAL INDIA LIMITED
99,0.5,1.0,0.074085,0.9,0.0,0.4166666666666667,0.5806503333333334,COROMANDEL INTERNATIONAL LIMITED
100,0.65,0.7778,0.04148,0.7,0.0,0.2,0.4813560000000001,CSB Bank Limited
101,0.0,0.7778,0.09326,0.45,0.0,0.4044444444444445,0.3294342222222223,Can Fin Homes Limited (CFHL)
102,0.3,0.7778,0.116,0.7,0.0,0.4257142857142857,0.45504571428571433,Canara Bank
103,0.6,0.7778,0.061488,0.7,0.0,0.468,0.49125759999999996,Capri Global Capital Limited
104,0.0,0.7778,0.03989,0.25,0.0,0.5866666666666667,0.26787133333333335,Central Bank of India
105,0.6,0.7778,0.08,0.7,0.0,0.41666666666666674,0.4923933333333333,Centrum Capital Limited
106,0.0,0.7778,0.06347142857142857,0.45,0.0,0.63,0.3347542857142858,Century Textiles & Industries Limited
107,0.3,0.7778,0.10229499999999998,0.9,0.0,0.6399999999999999,0.523019,Chalet Hotels Limited
108,0.0,0.7778,0.09624124999999999,0.25,0.0,0.4475,0.27218325,Chambal Fertilisers and Chemicals Limited
109,0.0,0.5556,0.02074,0.45,0.0,0.43999999999999995,0.272268,Choice International Limited
110,0.0,0.7778,0.0854,0.25,0.0,0.45999999999999996,0.27064000000000005,Cholamandalam Financial Holdings Limited
111,0.0,0.5556,0.08296,0.25,0.0,0.43999999999999995,0.224712,Cholamandalam Investment and Finance Company Limited
112,0.0,0.5556,0.0488,0.25,0.0,0.2,0.20588,Cigniti Technologies Limited
113,0.0,0.5556,0.0732,0.25,0.0,0.75,0.23826,Cipla Limited
114,0.0,0.7778,0.044408,0.45,0.0,0.44399999999999995,0.3216416,Cochin Shipyard Limited
115,0.0,0.5556,0.0430325,0.45,0.0,0.43999999999999995,0.27672650000000004,Coforge Limited
116,0.0,0.7778,0.04144,0.25,0.0,0.4,0.258848,Computer Age Management Services Limited
117,0.0,0.5556,0.083475,0.25,0.0,0.2,0.21281499999999998,Container Corporation of India Limited
118,0.0,0.5556,0.04148,0.25,0.0,0.43499999999999994,0.21616599999999997,CreditAccess Grameen Limited
119,0.0,0.7778,0.059595,0.45,0.0,0.2,0.31247900000000006,Crompton Greaves Consumer Electricals Limited
120,0.0,0.5556,0.05542285714285714,0.25,0.0,0.6071428571428571,0.22756171428571428,Cummins India Limited
121,0.0,0.5556,0.02074,0.25,0.0,0.43999999999999995,0.21226799999999998,D. B. Corp Limited (‘the Company’ or ‘DBCL’)
122,0.65,0.7778,0.060024,0.7,0.0,0.424,0.49626480000000006,D. P. Abhushan Limited
123,0.0,0.5556,0.083475,0.25,0.0,0.2,0.21281499999999998,DCB Bank Limited
124,0.0,0.7778,0.07824625,0.45,0.0,0.425,0.32745925000000004,DCM Shriram Limited
125,0.0,0.5556,0.0695,0.25,0.0,0.2,0.21001999999999998,DEE Development Engineers Limited
126,0.0,0.7778,0.08503000000000001,0.25,0.0,0.45999999999999996,0.27056600000000003,DEEPAK FERTILISERS AND PETROCHEMICALS CORPORATION LIMITED
127,0.0,0.7778,0.15286,0.25,0.0,0.40399999999999997,0.281332,DEN Networks Limited
128,0.0,0.5556,0.077104,0.25,0.0,0.618,0.23244080000000003,DR. LAL PATH LABS LTD.
129,0.0,0.5556,0.06222,0.25,0.0,0.7,0.233564,Dalmia Bharat Limited
130,0.0,0.5556,0.128015,0.25,0.0,0.6399999999999999,0.243723,Dalmia Bharat Sugar and Industries Limited
131,0.0,0.7778,0.06258428571428572,0.25,0.0,0.6442857142857142,0.27529114285714285,Data Patterns (India) Limited
132,0.0,0.7778,0.06273000000000001,0.25,0.0,0.44399999999999995,0.26530600000000004,Deep Industries Limited
133,0.0,0.5556,0.0488,0.25,0.0,0.2,0.20588,Deepak Nitrite Limited
134,0.0,0.7778,0.04331,0.25,0.0,0.46,0.26222200000000007,Delhivery Limited
135,0.0,0.7778,0.088594,0.45,0.0,0.46399999999999997,0.3314788000000001,Dhampur Bio Organics Limited
136,0.0,0.5556,0.04392,0.25,0.0,0.2,0.204904,Dhani Services Limited
137,0.0,0.5556,0.02074,0.25,0.0,0.2,0.200268,Dhunseri Ventures Limited
138,0.0,0.5556,0.07722,0.25,0.0,0.42799999999999994,0.22296400000000002,Dilip Buildcon Limited
139,0.0,0.5556,0.0692625,0.25,0.0,0.61,0.2304725,Dish TV India Limited
140,0.0,0.5556,0.06588,0.25,0.0,0.38333333333333336,0.21846266666666664,Dishman Carbogen Amcis Limited
141,0.0,0.7778,0.066915,0.25,0.0,0.4533333333333333,0.2666096666666667,Divi''s Laboratories Limited
142,0.0,0.5556,0.0732,0.25,0.0,0.2,0.21076,Dolat Algotech Limited
143,0.0,0.5556,0.07039000000000001,0.25,0.0,0.41666666666666674,0.22103133333333333,Dredging Corporation of India Limited
144,0.45,0.7778,0.04148,0.7,0.0,0.5,0.46635600000000005,E.I.D.-Parry (India) Limited
145,0.0,0.5556,0.06795,0.25,0.0,0.6433333333333333,0.23187666666666668,EIH Associated Hotels Limited
146,0.0,0.7778,0.059918,0.45,0.0,0.594,0.33224360000000003,EKI Energy Services Limited
147,0.0,0.7778,0.0488,0.25,0.0,0.4,0.26032000000000005,EMS LIMITED
148,0.0,0.5556,0.166435,0.25,0.0,0.2,0.22940700000000003,EMUDHRA LIMITED
149,0.0,0.7778,0.016042499999999998,0.45,0.0,0.41,0.31426850000000006,ESAF Small Finance Bank Limited
150,0.0,0.5556,0.04331,0.25,0.0,0.2,0.20478200000000002,ETHOS LIMITED
151,0.0,0.5556,0.0488,0.25,0.0,0.45000000000000007,0.21838000000000002,EXPLEO SOLUTIONS LIMITED
152,0.0,0.7778,0.09638,0.25,0.0,0.375,0.26858600000000005,Edelweiss Financial Services Limited
153,0.3,0.7778,0.13055624999999998,0.7,0.0,0.6124999999999999,0.46729625,Electrosteel Castings Limited
154,0.45,0.7778,0.04148,0.7,0.0,0.37,0.45985600000000004,Endurance Technologies Limited
155,0.0,0.5556,0.08113000000000001,0.45,0.0,0.43999999999999995,0.284346,Entero Healthcare Solutions Limited
156,0.0,0.7778,0.06218,0.25,0.0,0.4,0.26299600000000006,Entertainment Network (India) Limited
157,0.0,0.5556,0.07846199999999999,0.25,0.0,0.452,0.2244124,Equinox India Developments Limited
158,0.45,1.0,0.09855235294117647,0.9,0.0,0.3970588235294118,0.5770634117647059,Equitas Small Finance Bank Limited
159,0.0,0.7778,0.0764325,0.45,0.0,0.2,0.31584650000000003,Escorts Kubota Limited
160,0.45,0.7778,0.0488,0.7,0.0,0.45000000000000007,0.46532,Exide Industries Limited
161,0.0,0.5556,0.0207,0.25,0.0,0.2,0.20026,FISCHER MEDICAL VENTURES LIMITED
162,0.6,0.7778,0.084202,0.7,0.0,0.6659999999999999,0.5057004,FSN E Commerce Ventures Limited
163,0.0,0.5556,0.10369999999999999,0.55,0.0,0.615,0.32761,Fedbank Financial Services Limited
164,0.0,0.7778,0.06039,0.45,0.0,0.435,0.32438800000000007,Fermenta Biotech Limited
165,0.0,0.7778,0.08052000000000001,0.45,0.0,0.6033333333333333,0.3368306666666667,Fino Payments Bank Limited
166,0.0,0.7778,0.0812775,0.45,0.0,0.44,0.32881550000000004,Finolex Cables Limited
167,0.0,0.5556,0.058401428571428576,0.25,0.0,0.4257142857142857,0.219086,Finolex Industries Limited
168,0.0,0.7778,0.11773666666666667,0.45,0.0,0.6033333333333333,0.3442740000000001,Firstsource Solutions Limited
169,0.3,0.7778,0.04636,0.7,0.0,0.6433333333333333,0.45199866666666666,Five-Star Business Finance Limited
170,0.0,0.5556,0.1463,0.25,0.0,0.75,0.25288,Fortis Healthcare Limited
171,0.0,0.5556,0.04148,0.25,0.0,0.6399999999999999,0.22641599999999998,Fusion Finance Limited (Formerly known as Fusion Micro Finance Limited)
172,0.0,0.7778,0.08113000000000001,0.45,0.0,0.585,0.336036,GE T&D India Limited
173,0.0,0.5556,0.0488,0.25,0.0,0.5,0.22088,GEM Enviro Management Ltd
174,0.0,0.5556,0.11467999999999999,0.45,0.0,0.69,0.303556,GENESYS INTERNATIONAL CORPORATION LIMITED
175,0.0,0.5556,0.06295200000000001,0.45,0.0,0.614,0.2894104,GFL LIMITED
176,0.3,0.7778,0.12052,0.7,0.0,0.62,0.4656640000000001,GHCL Limited
177,0.0,0.5556,0.072207,0.45,0.0,0.402,0.2806614,GIC Housing Finance Limited
178,0.0,0.7778,0.06295200000000001,0.55,0.0,0.5800000000000001,0.3621504000000001,GLAND PHARMA LIMITED
179,0.0,0.7778,0.09820999999999999,0.45,0.0,0.42333333333333334,0.3313686666666667,GLOBAL HEALTH LIMITED
180,0.0,0.5556,0.06222,0.25,0.0,0.4,0.21856399999999998,GMR Power and Urban Infra Limited
181,0.0,0.5556,0.0976,0.25,0.0,0.5,0.23063999999999998,GODAWARI POWER AND ISPAT LIMITED
182,0.0,0.7778,0.08138999999999999,0.45,0.0,0.37,0.32533800000000007,GODFREY PHILLIPS INDIA LIMITED
183,0.0,0.7778,0.098692,0.45,0.0,0.424,0.3314984,GRANULES INDIA LIMITED
184,0.0,0.5556,0.0488,0.25,0.0,0.45000000000000007,0.21838000000000002,GRAPHITE INDIA LIMITED
185,0.0,0.7778,0.10314499999999999,0.45,0.0,0.41,0.33168900000000007,GRP Limited
186,0.0,0.5556,0.0732,0.25,0.0,0.45000000000000007,0.22326000000000001,GTL Infrastructure Limited
187,0.0,0.7778,0.09335636363636363,0.45,0.0,0.4109090909090909,0.32977672727272733,GTPL HATHWAY LIMITED
188,0.0,0.5556,0.10196,0.25,0.0,0.45999999999999996,0.22951199999999997,GUJARAT GAS LIMITED
189,0.0,0.5556,0.08713000000000001,0.35,0.0,0.468,0.256946,GUJARAT INDUSTRIES POWER COMPANY LIMITED
190,0.0,0.7778,0.065325,0.25,0.0,0.4,0.26362500000000005,GUJARAT STATE FERTILIZERS & CHEMICALS LIMITED
191,0.0,0.5556,0.03991,0.45,0.0,0.42799999999999994,0.27550199999999997,Ganesh Housing Corporation Limited
192,0.0,0.5556,0.0732,0.25,0.0,0.45000000000000007,0.22326000000000001,Gateway Distriparks Limited
193,0.5,0.7778,0.0204625,0.7,0.0,0.47,0.4681525,General Insurance Corporation of India
194,0.3,0.7778,0.07322999999999999,0.7,0.0,0.5925,0.454831,Geojit Financial Services Limited
195,0.65,0.7778,0.110066,0.7,0.0,0.6419999999999999,0.5171732000000001,Glenmark Pharmaceuticals Limited
196,0.0,0.5556,0.059475,0.25,0.0,0.4225,0.21914,Go Fashion (India) Limited
197,0.0,0.5556,0.06758,0.25,0.0,0.4533333333333333,0.22230266666666665,Godrej Consumer Products Limited
198,0.0,0.7778,0.042944,0.25,0.0,0.37,0.25764880000000007,Godrej Properties Limited
199,0.0,0.5556,0.02196,0.25,0.0,0.38333333333333336,0.20967866666666668,Goldiam International Limited
200,0.45,0.7778,0.09634749999999999,0.7,0.0,0.6675,0.48570450000000004,Goodyear India Limited
201,0.0,0.7778,0.081385,0.35,0.0,0.444,0.299037,Grasim Industries Limited
202,0.3,0.7778,0.09235,0.7,0.0,0.6,0.45903000000000005,Gujarat Alkalies and Chemicals Limited
203,0.0,0.5556,0.04148,0.45,0.0,0.2,0.264416,Gujarat Ambuja Exports Limited
204,0.0,0.5556,0.02125,0.45,0.0,0.424,0.27157,Gujarat Fluorochemicals Limited
205,0.3,0.7778,0.04473333333333333,0.7,0.0,0.3944444444444445,0.4392288888888889,Gujarat Narmada Valley Fertilizers & Chemicals Limited
206,0.0,0.7778,0.0488,0.25,0.0,0.6399999999999999,0.27232,Gujarat Pipavav Port Limited
207,0.0,0.5556,0.0488,0.25,0.0,0.5,0.22088,HAWKINS COOKERS LIMITED
208,0.0,0.5556,0.058314285714285714,0.25,0.0,0.4257142857142857,0.21906857142857145,HCL Technologies Limited
209,0.0,0.5556,0.06222,0.45,0.0,0.2,0.268564,HDFC Asset Management Company Limited
210,0.0,0.7778,0.064194,0.25,0.0,0.404,0.2635988,HDFC Bank Limited
211,0.65,0.7778,0.15852,0.7,0.0,0.6033333333333333,0.5249306666666668,HDFC Life Insurance Company Limited
212,0.0,0.5556,0.04236714285714286,0.25,0.0,0.4114285714285714,0.21516485714285716,HEG Limited
213,0.0,0.5556,0.06572142857142857,0.45,0.0,0.3642857142857143,0.27747857142857146,HEXA TRADEX LIMITED
214,0.0,0.7778,0.11704250000000001,0.45,0.0,0.615,0.34471850000000004,HFCL Limited
215,0.6,0.7778,0.0244,0.7,0.0,0.75,0.49794000000000005,HINDALCO INDUSTRIES LIMITED
216,0.3,0.7778,0.113894,0.7,0.0,0.594,0.46303880000000003,HINDUJA GLOBAL SOLUTIONS LIMITED
217,0.45,1.0,0.07273285714285714,0.7,0.0,0.4114285714285714,0.512618,HINDUSTAN AERONAUTICS LIMITED
218,0.0,0.5556,0.04514,0.25,0.0,0.42500000000000004,0.21639799999999998,HINDUSTAN COPPER LIMITED
219,0.3,0.7778,0.06319333333333334,0.7,0.0,0.5677777777777777,0.4515875555555556,HINDUSTAN PETROLEUM COPORATION LIMITED
220,0.5,0.7778,0.06551,0.7,0.0,0.38333333333333336,0.4728286666666667,Happiest Minds Technologies Limited
221,0.0,0.5556,0.0244,0.25,0.0,0.2,0.201,Harsha Engineers International Limited
222,0.0,0.5556,0.061,0.25,0.0,0.4044444444444445,0.21854222222222222,Hathway Cable and Datacom Limited
223,0.45,0.7778,0.040925,0.7,0.0,0.615,0.471995,Healthcare Global Enterprises Limited
224,0.0,0.5556,0.07548142857142857,0.25,0.0,0.39714285714285713,0.2210734285714286,Hemisphere Properties India Limited
225,0.0,0.5556,0.02074,0.25,0.0,0.2,0.200268,Hero MotoCorp Limited
226,0.0,0.7778,0.07841250000000001,0.45,0.0,0.5983333333333333,0.3361591666666667,Himadri Speciality Chemical Ltd
227,0.0,0.5556,0.0488,0.25,0.0,0.45000000000000007,0.21838000000000002,Hindustan Construction Company Ltd.
228,0.3,0.7778,0.021028,0.7,0.0,0.6339999999999999,0.4464656,Hindustan Unilever Limited
229,0.3,0.7778,0.061305,0.7,0.0,0.4475,0.445196,Hindustan Zinc Limited
230,0.0,0.5556,0.08662,0.25,0.0,0.49,0.227944,Hindware Home Innovation Limited
231,0.65,0.7778,0.154585,0.7,0.0,0.585,0.523227,Home First Finance Company India Limited
232,0.0,0.5556,0.02074,0.25,0.0,0.2,0.200268,Honeywell Automation India Limited
233,0.3,0.7778,0.08488,0.7,0.0,0.3666666666666667,0.44586933333333334,Housing & Urban Development Corporation Limited
234,0.0,0.5556,0.1109705,0.45,0.0,0.433,0.2899641,ICICI Bank Limited
235,0.65,0.7778,0.07853928571428573,0.7,0.0,0.6085714285714285,0.5091964285714287,ICICI Lombard General Insurance Company Limited
236,0.3,1.0,0.07961875,0.7,0.0,0.7725,0.50954875,ICICI Prudential Life Insurance Company Limited
237,0.3,1.0,0.09651090909090908,0.7,0.0,0.3954545454545455,0.4940749090909091,ICICI Securities Limited
238,0.0,0.7778,0.04148,0.25,0.0,0.43999999999999995,0.26085600000000003,ICRA Limited
239,0.3,0.7778,0.10128199999999998,0.7,0.0,0.424,0.4520164,IDBI Bank Ltd.
240,0.0,0.7778,0.07277249999999999,0.45,0.0,0.40750000000000003,0.3254895000000001,IDFC FIRST Bank Limited
241,0.0,0.5556,0.0732,0.25,0.0,0.45000000000000007,0.22326000000000001,IFCI Limited
242,0.0,0.5556,0.1707,0.25,0.0,0.45000000000000007,0.24276000000000003,IGARASHI MOTORS INDIA LIMITED
243,0.0,0.5556,0.04148,0.25,0.0,0.44399999999999995,0.21661599999999998,IIFL Finance Limited (“IIFL”)
244,0.3,0.7778,0.0637725,0.7,0.0,0.6333333333333333,0.4549811666666667,IIFL SECURITIES LIMITED
245,0.0,0.5556,0.09394000000000001,0.25,0.0,0.43999999999999995,0.22690799999999997,INDIAN OVERSEAS BANK
246,0.5,0.7778,0.076525,0.7,0.0,0.4083333333333333,0.4762816666666667,INDIAN RAILWAY FINANCE CORPORATION LIMITED
247,0.3,0.7778,0.11049999999999999,0.7,0.0,0.4,0.45266000000000006,INFOBEANS TECHNO. LTD.
248,0.0,0.5556,0.06954,0.45,0.0,0.43999999999999995,0.28202800000000006,INTELLECT DESIGN ARENA LIMITED
249,0.0,0.5556,0.06954,0.45,0.0,0.6399999999999999,0.292028,ION EXCHANGE (INDIA) LIMITED
250,0.3,0.7778,0.046692500000000005,0.7,0.0,0.6649999999999999,0.4531485,IRB Infrastructure Developers Limited
251,0.0,0.5556,0.0241225,0.45,0.0,0.2,0.2609445,IRM Energy Limited
252,0.3,0.7778,0.042395,0.7,0.0,0.46,0.44203900000000007,ITC Limited
253,0.0,0.7778,0.0244,0.25,0.0,0.2,0.24544000000000005,ITD Cementation India Limited
254,0.0,0.5556,0.11829999999999999,0.25,0.0,0.75,0.24728000000000003,India Shelter Finance Corporation Limited
255,0.0,0.7778,0.0601125,0.45,0.0,0.41000000000000003,0.32308250000000005,IndiaMART InterMESH Limited
256,0.0,0.7778,0.07428375,0.45,0.0,0.41000000000000003,0.32591675000000003,Indian Bank
257,0.0,0.5556,0.09938285714285713,0.25,0.0,0.44571428571428573,0.22828228571428572,Indian Energy Exchange Limited
258,0.0,0.7778,0.06344,0.25,0.0,0.41666666666666674,0.26408133333333333,Indian Oil Corporation Limited
259,0.0,0.7778,0.0854,0.25,0.0,0.45999999999999996,0.27064000000000005,IndoStar Capital Finance Limited
260,0.0,0.7778,0.067122,0.25,0.0,0.622,0.27508440000000006,Indoco Remedies Limited
261,0.45,0.7778,0.0765,0.7,0.0,0.42000000000000004,0.46936000000000005,Indus Towers Limited
262,0.5,1.0,0.03854857142857143,0.7,0.0,0.4171428571428572,0.5135668571428572,IndusInd Bank Limited
263,0.0,0.5556,0.0488,0.25,0.0,0.45000000000000007,0.21838000000000002,Infibeam Avenues Limited
264,0.0,0.7778,0.10433749999999999,0.25,0.0,0.4225,0.27255250000000003,Info Edge (India) Limited
265,0.0,0.7778,0.06344,0.45,0.0,0.38333333333333336,0.32241466666666674,Inox Wind Energy Limited
266,0.0,0.7778,0.04331,0.45,0.0,0.2,0.30922200000000005,Insolation Energy Limited
267,0.45,0.7778,0.0,0.7,0.0,0.2,0.44306,InterGlobe Aviation Limited
268,0.0,0.7778,0.09817857142857142,0.45,0.0,0.44571428571428573,0.33248142857142865,J .B. Chemicals & Pharmaceuticals Ltd.
269,0.0,0.7778,0.08418,0.45,0.0,0.5866666666666667,0.3367293333333333,"J. Kumar Infraprojects Limited (""JKIL"")"
270,0.3,0.7778,0.07674,0.7,0.0,0.40181818181818185,0.4459989090909091,JAGRAN PRAKASHAN LIMITED
271,0.0,0.7778,0.060822,0.45,0.0,0.37,0.3212244,JAIPRAKASH POWER VENTURES LIMITED
272,0.0,0.5556,0.075395,0.45,0.0,0.42500000000000004,0.282449,JANA SMALL FINANCE BANK LIMITED
273,0.0,0.7778,0.06238,0.45,0.0,0.6011111111111112,0.3330915555555556,JINDAL STEEL & POWER LIMITED
274,0.0,0.7778,0.12643000000000001,0.45,0.0,0.6766666666666666,0.3496793333333334,JK Cement Limited (JKCL)
275,0.0,0.5556,0.10369999999999999,0.25,0.0,0.2,0.21686,JK Lakshmi Cement Limited
276,0.0,0.5556,0.06498999999999999,0.35,0.0,0.42,0.250118,JK Paper Limited
277,0.0,0.5556,0.0732,0.25,0.0,0.45000000000000007,0.22326000000000001,JK Tyre & Industries Limited
278,0.3,1.0,0.05866565217391304,0.7,0.0,0.5882608695652174,0.49614617391304344,JM Financial Limited (the “Company”/ “JMFL”)
279,0.0,0.7778,0.042944,0.45,0.0,0.37,0.31764880000000006,JSW Energy Limited
280,0.0,0.5556,0.045872,0.25,0.0,0.404,0.21549439999999997,JSW Holdings Limited
281,0.0,0.5556,0.06467571428571428,0.45,0.0,0.44285714285714284,0.281198,JSW Infrastructure Limited
282,0.0,0.7778,0.11227999999999999,0.45,0.0,0.4442857142857143,0.3352302857142858,JSW Steel Limited
283,0.0,0.7778,0.05926,0.45,0.0,0.4166666666666667,0.32324533333333333,JUBILANT INGREVIA LIMITED
284,0.6,0.7778,0.044585,0.7,0.0,0.4,0.48447700000000005,JUPITER LIFE LINE HOSPITALS LIMITED
285,0.0,0.5556,0.04148,0.25,0.0,0.4,0.214416,Jain Irrigation Systems Limited
286,0.0,0.7778,0.0244,0.25,0.0,0.45000000000000007,0.25794000000000006,Jammu and Kashmir Bank Limited
287,0.0,0.7778,0.06273000000000001,0.45,0.0,0.44399999999999995,0.32530600000000004,Jindal Drilling And Industries Limited
288,0.0,0.7778,0.04514,0.25,0.0,0.2,0.24958800000000003,Jindal Saw Limited
289,0.0,0.5556,0.023845,0.25,0.0,0.4,0.210889,Jio Financial Services Limited
290,0.0,0.7778,0.05767,0.45,0.0,0.4533333333333333,0.3247606666666667,Jubilant Pharmova Limited
291,0.0,0.5556,0.04514,0.25,0.0,0.43999999999999995,0.21714799999999998,Just Dial Limited
292,0.0,0.5556,0.11186999999999998,0.25,0.0,0.6766666666666666,0.24232733333333334,Jyoti Structures Limited
293,0.0,0.7778,0.04599,0.25,0.0,0.41666666666666674,0.26059133333333334,K.P. ENERGY LIMITED
294,0.0,0.7778,0.0591975,0.45,0.0,0.3875,0.3217745000000001,K.P.R. Mill Limited
295,0.0,0.5556,0.04514,0.25,0.0,0.2,0.205148,KAJARIA CERAMICS LIMITED
296,0.0,0.7778,0.06588,0.25,0.0,0.2,0.253736,KAMA Holdings Limited
297,0.0,0.5556,0.08113000000000001,0.25,0.0,0.635,0.23409599999999997,KEC International Limited
298,0.0,0.5556,0.160595,0.45,0.0,0.6399999999999999,0.310239,KEI INDUSTRIES LIMITED
299,0.45,0.7778,0.022150000000000003,0.7,0.0,0.4485714285714285,0.45991857142857145,KEYSTONE REALTORS LIMITED
300,0.0,0.5556,0.06588,0.25,0.0,0.6433333333333333,0.23146266666666665,KFin Technologies Limited
301,0.3,0.7778,0.0244,0.7,0.0,0.45000000000000007,0.43794000000000005,KIOCL Limited
302,0.3,1.0,0.0819225,0.7,0.0,0.585,0.5006345,KMC Speciality Hospitals (India) Limited
303,0.0,0.7778,0.0244,0.25,0.0,0.2,0.24544000000000005,KNR Constructions Limited
304,0.0,0.7778,0.04096,0.25,0.0,0.2,0.24875200000000003,KOVAI MEDICAL CENTER AND HOSPITAL LIMITED
305,0.0,0.7778,0.042722,0.45,0.0,0.39,0.31860440000000007,KPI GREEN ENERGY LIMITED
306,0.0,0.5556,0.11974,0.45,0.0,0.44,0.292068,KPIT Technologies Limited
307,0.0,0.7778,0.11577199999999999,0.45,0.0,0.622,0.3448144000000001,KRBL Limited
308,0.0,0.7778,0.05832909090909091,0.25,0.0,0.39090909090909093,0.26177127272727274,Kalpataru Projects International Limited
309,0.0,0.5556,0.068445,0.45,0.0,0.6399999999999999,0.291809,Kalyan Jewellers India Limited
310,0.0,0.7778,0.10439999999999999,0.25,0.0,0.2,0.26144000000000006,Kansai Nerolac Paints Limited (KNPL)
311,0.6,0.7778,0.16096,0.7,0.0,0.49333333333333335,0.5124186666666666,Kirloskar Oil Engines Limited
312,0.0,0.7778,0.05722875,0.45,0.0,0.41000000000000003,0.3225057500000001,Kolte-Patil Developers Limited
313,0.0,0.7778,0.10735999999999998,0.25,0.0,0.585,0.28128200000000003,Kotak Mahindra Bank Limited
314,0.0,0.7778,0.04148,0.45,0.0,0.6399999999999999,0.330856,Krishna Institute of Medical Sciences Limited
315,0.0,0.7778,0.07846199999999999,0.45,0.0,0.424,0.32745240000000003,Krsnaa Diagnostics Limited
316,0.0,0.7778,0.03847375,0.45,0.0,0.36250000000000004,0.31637975,L&T Finance Limited
317,0.0,0.7778,0.06014,0.25,0.0,0.424,0.263788,L&T Technology Services Limited
318,0.0,0.7778,0.06039,0.25,0.0,0.2,0.25263800000000003,LAURUS LABS LIMITED
319,0.0,0.7778,0.06039,0.45,0.0,0.43999999999999995,0.3246380000000001,LIC Housing Finance Limited
320,0.65,0.7778,0.061566666666666665,0.7,0.0,0.6055555555555555,0.5056511111111112,LTIMindtree Limited
321,0.0,0.5556,0.038335,0.45,0.0,0.2,0.263787,Landmark Cars Limited
322,0.45,1.0,0.09417470588235294,0.9,0.0,0.42705882352941177,0.5776878823529412,Larsen & Toubro Limited
323,0.0,0.7778,0.06588,0.45,0.0,0.40399999999999997,0.323936,Latent View Analytics Limited
324,0.3,0.7778,0.041295000000000005,0.7,0.0,0.38333333333333336,0.43798566666666666,Life Insurance Corporation of India
325,0.45,0.7778,0.0,0.7,0.0,0.2,0.44306,Linde India Limited
326,0.0,0.5556,0.0732,0.25,0.0,0.2,0.21076,Lloyds Metals and Energy Limited
327,0.3,1.0,0.09976249999999999,0.7,0.0,0.4375,0.4968275,Lupin Limited
328,0.0,0.5556,0.11948,0.45,0.0,0.6366666666666666,0.30184933333333336,MACROTECH DEVELOPERS LIMITED
329,0.0,0.5556,0.05960571428571429,0.45,0.0,0.5928571428571429,0.287684,MAHARASHTRA SCOOTERS LIMITED
330,0.0,0.7778,0.14665499999999998,0.25,0.0,0.695,0.29464100000000004,MAITHAN ALLOYS LIMITED
331,0.0,0.5556,0.07874500000000001,0.45,0.0,0.2,0.271869,MARATHON NEXTGEN REALTY LIMITED
332,0.0,0.5556,0.0488,0.25,0.0,0.45000000000000007,0.21838000000000002,MASTEK LIMITED
333,0.0,0.5556,0.113905,0.45,0.0,0.6283333333333333,0.30031766666666665,MAX HEALTHCARE INSTITUTE LIMITED
334,0.0,0.7778,0.104104,0.25,0.0,0.6179999999999999,0.2822808,MOIL Limited
335,0.0,0.7778,0.09972285714285713,0.25,0.0,0.5785714285714285,0.2794331428571429,MOSCHIP TECHNOLOGIES LIMITED
336,0.0,0.7778,0.040016,0.25,0.0,0.41000000000000003,0.25906320000000005,MPS Limited
337,0.0,0.5556,0.08662,0.25,0.0,0.43999999999999995,0.225444,MRF Limited
338,0.0,0.7778,0.08018499999999999,0.45,0.0,0.38333333333333336,0.3257636666666667,MSTC LIMITED
339,0.3,1.0,0.06063,0.7,0.0,0.38333333333333336,0.4862926666666667,MUTHOOT FINANCE LIMITED
340,0.0,0.5556,0.0976,0.25,0.0,0.5,0.23063999999999998,Mac Charles (India) Limited
341,0.0,0.7778,0.081645,0.25,0.0,0.43499999999999994,0.268639,Magellanic Cloud Limited
342,0.45,0.7778,0.045872,0.8,0.0,0.404,0.49243440000000005,Mahanagar Gas Limited
343,0.0,0.5556,0.042944,0.45,0.0,0.46399999999999997,0.2779088,Mahanagar Telephone Nigam Limited
344,0.0,0.5556,0.08479,0.25,0.0,0.4,0.223078,Maharashtra Seamless Limited
345,0.0,0.5556,0.08052000000000001,0.45,0.0,0.5866666666666667,0.29155733333333334,Mahindra & Mahindra Financial Services Limited
346,0.3,1.0,0.06670636363636363,0.7,0.0,0.6209090909090909,0.4993867272727272,Mahindra & Mahindra Limited
347,0.0,0.7778,0.040511818181818184,0.45,0.0,0.42000000000000004,0.3196623636363637,Mahindra EPC Irrigation Limited
348,0.65,0.7778,0.02074,0.7,0.0,0.2,0.4772080000000001,Mahindra Lifespace Developers Limited
349,0.0,0.5556,0.0488,0.45,0.0,0.75,0.29338,Mahindra Logistics Limited
350,0.0,0.7778,0.084424,0.45,0.0,0.598,0.33734480000000006,Man Infraconstruction Limited
351,0.5,1.0,0.039173000000000006,0.7,0.0,0.41200000000000003,0.5134346,Manappuram Finance Limited
352,0.0,0.7778,0.0582825,0.45,0.0,0.375,0.32096650000000004,Mankind Pharma Limited
353,0.0,0.5556,0.06588,0.25,0.0,0.2,0.20929599999999998,Marico Limited
354,0.0,0.5556,0.09028,0.25,0.0,0.43999999999999995,0.22617599999999996,Maruti Suzuki India Limited
355,0.0,0.5556,0.11102,0.25,0.0,0.2,0.21832400000000002,"Matrimony.com Limited (hereinafter referred to as “Matrimony”, 
“Matrimony.com”, “the Company”)"
356,0.3,0.7778,0.08,0.7,0.0,0.45999999999999996,0.44956000000000007,Max Financial Services Limited
357,0.0,0.5556,0.0976,0.25,0.0,0.2,0.21564,Medi Assist Healthcare Services Limited
358,0.0,0.7778,0.09848499999999999,0.25,0.0,0.4,0.270257,Medplus Health Services Limited
359,0.0,0.5556,0.125606,0.25,0.0,0.6619999999999999,0.2443412,Metropolis Healthcare Limited
360,0.6,0.7778,0.06807,0.7,0.0,0.64,0.501174,Mphasis Limited
361,0.0,0.5556,0.05960571428571429,0.45,0.0,0.5928571428571429,0.287684,Mufin Green Finance Limited
362,0.3,1.0,0.1112575,0.7,0.0,0.43999999999999995,0.49925149999999996,Music Broadcast Limited
363,0.5,0.7778,0.043964,0.8,0.0,0.39,0.49885280000000004,Muthoot Microfin Limited
364,0.0,0.7778,0.06676714285714286,0.45,0.0,0.6357142857142857,0.3356991428571429,NATCO PHARMA LIMITED
365,0.0,0.5556,0.0488,0.25,0.0,0.2,0.20588,NATIONAL FERTILIZERS LIMITED
366,0.0,0.5556,0.0,0.25,0.0,0.2,0.19612000000000002,NATIONAL STANDARD (INDIA) LIMITED
367,0.0,0.7778,0.061515,0.45,0.0,0.42,0.32386300000000007,NAVA LIMITED
368,0.0,0.7778,0.08479,0.25,0.0,0.41000000000000003,0.26801800000000003,NAVNEET EDUCATION LIMITED
369,0.0,0.7778,0.04514,0.45,0.0,0.41,0.3200880000000001,NAZARA TECHNOLOGIES LIMITED
370,0.3,0.7778,0.08175571428571429,0.9,0.0,0.6271428571428571,0.5182682857142857,NBCC (India) Limited
371,0.3,0.7778,0.0755175,0.7,0.0,0.4225,0.4467885,NDL Ventures Limited
372,0.0,0.5556,0.10369999999999999,0.25,0.0,0.6749999999999999,0.24061,NHPC LIMITED
373,0.0,0.5556,0.057096,0.45,0.0,0.592,0.28713920000000004,"NIIT Learning Systems Limited (""NLSL""/""the Company"")"
374,0.0,0.5556,0.05774666666666667,0.45,0.0,0.5988888888888889,0.28761377777777775,NIIT Limited
375,0.0,0.5556,0.06588,0.45,0.0,0.38333333333333336,0.27846266666666664,NLC INDIA LIMITED
376,0.0,0.7778,0.04214545454545455,0.25,0.0,0.37727272727272726,0.2578527272727273,NMDC Limited
377,0.0,0.7778,0.04392,0.45,0.0,0.38333333333333336,0.3185106666666667,NTPC LIMITED
378,0.0,0.5556,0.0488,0.25,0.0,0.75,0.23338,NUCLEUS SOFTWARE EXPORTS LIMITED
379,0.0,0.7778,0.079815,0.25,0.0,0.43999999999999995,0.26852300000000007,Nahar Capital and Financial Services Limited
380,0.0,0.5556,0.038855,0.25,0.0,0.4,0.213891,Naperol Investments Limited (formerly known as National Peroxide Limited)
381,0.3,0.7778,0.080148,0.7,0.0,0.44399999999999995,0.4487896,National Aluminium Company Limited
382,0.0,0.7778,0.12118399999999999,0.45,0.0,0.42799999999999994,0.3361968,Nelco Limited
383,0.0,0.7778,0.039173,0.25,0.0,0.596,0.2681946,Nestle India Limited
384,0.0,0.7778,0.10439999999999999,0.25,0.0,0.38333333333333336,0.2706066666666667,New Delhi Television Limited
385,0.0,0.5556,0.0732,0.25,0.0,0.2,0.21076,Nilkamal Limited
386,0.0,0.5556,0.06588,0.25,0.0,0.42500000000000004,0.22054599999999996,Nippon Life India Asset Management Limited
387,0.0,0.5556,0.0244,0.25,0.0,0.5,0.216,Nirlon Limited
388,0.0,0.5556,0.035435714285714286,0.45,0.0,0.2,0.26320714285714286,Novartis India Limited
389,0.0,0.5556,0.09394000000000001,0.25,0.0,0.7,0.23990799999999998,Nureca Limited
390,0.0,0.7778,0.10260090909090908,0.45,0.0,0.4436363636363636,0.33326200000000006,Nuvama Wealth Management Limited (formerly known as Edelweiss Securities Limited)
391,0.0,0.7778,0.0488,0.45,0.0,0.45000000000000007,0.32282000000000005,Nuvoco Vistas Corporation Limited
392,0.6,1.0,0.07722,0.9,0.0,0.608,0.605844,ONMOBILE GLOBAL LIMITED
393,0.3,0.7778,0.06039,0.7,0.0,0.5775,0.451513,ONWARD TECHNOLOGIES LIMITED
394,0.0,0.5556,0.1268,0.25,0.0,0.6766666666666666,0.24531333333333333,Oil India Limited
395,0.0,0.7778,0.1207025,0.45,0.0,0.6399999999999999,0.3467005,Oil and Natural Gas Corporation Limited.
396,0.0,0.7778,0.055637,0.45,0.0,0.46199999999999997,0.32478740000000006,One 97 Communications Limited
397,0.0,0.5556,0.0244,0.25,0.0,0.2,0.201,Optiemus Infracom Limited
398,0.0,0.7778,0.072865,0.45,0.0,0.3666666666666667,0.32346633333333336,Oracle Financial Services Software Limited
399,0.0,0.5556,0.0732,0.25,0.0,0.2,0.21076,Orient Green Power Company Limited
400,0.0,0.7778,0.082854,0.45,0.0,0.468,0.3305308,PARADEEP PHOSPHATES LIMITED
401,0.0,0.7778,0.10107499999999998,0.45,0.0,0.41666666666666663,0.33160833333333334,PATANJALI FOODS LIMITED
402,0.45,0.7778,0.0732,0.7,0.0,0.45000000000000007,0.4702,PB FINTECH LIMITED
403,0.0,0.5556,0.019786,0.25,0.0,0.2,0.2000772,PC Jeweller Limited
404,0.0,0.7778,0.05731,0.45,0.0,0.39866666666666667,0.32195533333333337,PCBL LIMITED
405,0.0,0.7778,0.037204,0.45,0.0,0.424,0.31920080000000006,PI INDUSTRIES LIMITED
406,0.5,0.7778,0.11826500000000001,0.7,0.0,0.6333333333333333,0.49587966666666666,PILANI INVESTMENT AND INDUSTRIES CORPORATION LIMITED
407,0.0,0.5556,0.0488,0.25,0.0,0.2,0.20588,PIX TRANSMISSIONS LIMITED
408,0.0,0.7778,0.042944,0.25,0.0,0.404,0.25934880000000005,PNB GILTS LTD.
409,0.3,0.7778,0.083475,0.7,0.0,0.2,0.437255,PNB Housing Finance Limited
410,0.0,0.5556,0.04096,0.25,0.0,0.38333333333333336,0.21347866666666665,PNC Infratech Limited
411,0.3,1.0,0.07631357142857143,0.7,0.0,0.4228571428571429,0.49140557142857144,PSP Projects Limited
412,0.0,0.5556,0.0695,0.45,0.0,0.2,0.27002000000000004,PTC India Financial Services Limited
413,0.0,0.7778,0.06250800000000001,0.25,0.0,0.44799999999999995,0.2654616,PTC India Limited
414,0.0,0.5556,0.0782625,0.25,0.0,0.43999999999999995,0.2237725,PVR INOX LIMITED
415,0.0,0.5556,0.080032,0.45,0.0,0.622,0.2932264,Paisalo Digital Limited
416,0.0,0.7778,0.05751,0.45,0.0,0.3566666666666667,0.31989533333333336,Paramount Communications Limited
417,0.0,0.5556,0.021262857142857146,0.25,0.0,0.41428571428571426,0.21108685714285713,Patel Engineering Limited
418,0.0,0.5556,0.04599,0.25,0.0,0.45999999999999996,0.21831799999999998,Persistent Systems Limited
419,0.0,0.7778,0.07896700000000001,0.45,0.0,0.6,0.3363534,Pfizer Limited
420,0.0,0.5556,0.059595,0.25,0.0,0.43333333333333335,0.21970566666666666,Pidilite Industries Limited
421,0.65,0.7778,0.06049285714285715,0.9,0.0,0.6128571428571428,0.5658014285714286,Piramal Enterprises Limited
422,0.0,0.7778,0.062035,0.25,0.0,0.42,0.26396700000000006,Piramal Pharma Limited
423,0.0,0.7778,0.061,0.25,0.0,0.6033333333333333,0.2729266666666667,Pitti Engineering Limited
424,0.0,0.5556,0.12525333333333333,0.45,0.0,0.3933333333333333,0.29083733333333334,Poonawalla Fincorp Limited
425,0.0,0.5556,0.0,0.25,0.0,0.2,0.19612000000000002,Popular Vehicles and Services Limited
426,0.0,0.7778,0.042944,0.45,0.0,0.2,0.30914880000000006,Power Finance Corporation Limited
427,0.0,0.7778,0.0943,0.45,0.0,0.404,0.32962,Power Grid Corporation of India Limited
428,0.0,0.5556,0.0244,0.25,0.0,0.2,0.201,Power Mech Projects Limited
429,0.0,0.7778,0.06954,0.25,0.0,0.49,0.26896800000000004,Prakash Industries Limited
430,0.0,0.7778,0.042944,0.45,0.0,0.37,0.31764880000000006,Prestige Estates Projects Limited
431,0.45,0.7778,0.0244,0.7,0.0,0.2,0.44794,Prudent Corporate Advisory Services Limited
432,0.3,0.7778,0.082854,0.7,0.0,0.424,0.44833080000000003,Punjab & Sind Bank
433,0.0,0.5556,0.0732,0.25,0.0,0.45000000000000007,0.22326000000000001,Punjab National Bank
434,0.0,0.5556,0.04331,0.25,0.0,0.43999999999999995,0.216782,Quess Corp Limited
435,0.0,0.5556,0.06588,0.25,0.0,0.42500000000000004,0.22054599999999996,Quint Digital Limited (Formerly known as Quint Digital Media Limited)
436,0.0,0.5556,0.064475,0.25,0.0,0.5866666666666667,0.22834833333333332,RADIANT CASH MANAGEMENT SERVICES LIMITED
437,0.0,0.5556,0.0976,0.25,0.0,0.5,0.23063999999999998,RAJESH EXPORTS LIMITED
438,0.0,0.5556,0.0451,0.25,0.0,0.2,0.20514,RAJNISH WELLNESS LIMITED
439,0.0,0.5556,0.0732,0.25,0.0,0.2,0.21076,RAMCO INDUSTRIES LIMITED
440,0.0,0.7778,0.065695,0.45,0.0,0.3666666666666667,0.32203233333333336,RAMKY INFRASTRUCTURE LIMITED
441,0.0,0.5556,0.0244,0.25,0.0,0.45000000000000007,0.21350000000000002,RATTANINDIA POWER LIMITED
442,0.0,0.5556,0.04514,0.25,0.0,0.69,0.229648,RBL Bank Limited
443,0.0,0.7778,0.061377,0.45,0.0,0.596,0.3326354,REC Limited
444,0.0,0.5556,0.0488,0.25,0.0,0.49,0.22038,REFEX INDUSTRIES LIMITED
445,0.0,0.7778,0.043735,0.25,0.0,0.43999999999999995,0.26130700000000007,RHI Magnesita India Limited
446,0.0,0.5556,0.0488,0.25,0.0,0.2,0.20588,RITES Limited
447,0.0,0.5556,0.077985,0.25,0.0,0.41,0.22221699999999997,RPSG VENTURES LIMITED
448,0.0,0.7778,0.03852,0.45,0.0,0.4166666666666667,0.31909733333333334,Rail Vikas Nigam Limited
449,0.0,0.7778,0.08784,0.45,0.0,0.6033333333333333,0.33829466666666674,"Rainbow Children’s Medicare Limited (“the Company/ Rainbow/ Rainbow Hospitals/ Rainbow Children''s Hospital/ RCML"")"
450,0.0,0.7778,0.071985,0.45,0.0,0.41200000000000003,0.32555700000000004,Ramco Systems Limited
451,0.0,0.7778,0.08747,0.25,0.0,0.6366666666666666,0.2798873333333334,Ramkrishna Forgings Limited
452,0.0,0.5556,0.06551,0.35,0.0,0.42,0.250222,Rane Holdings Limited
453,0.0,0.7778,0.061266,0.25,0.0,0.40399999999999997,0.2630132,Rashi Peripherals Limited
454,0.3,0.7778,0.06273000000000001,0.7,0.0,0.594,0.452806,Rashtriya Chemicals and Fertilizers Limited
455,0.0,0.7778,0.06588,0.45,0.0,0.618,0.334636,RateGain Travel Technologies Limited
456,0.0,0.5556,0.04341285714285715,0.25,0.0,0.48000000000000004,0.21880257142857143,Ratnamani Metals & Tubes Limited
457,0.6,0.7778,0.0822825,0.7,0.0,0.6525,0.5046415000000001,Raymond Limited
458,0.0,0.7778,0.038335,0.25,0.0,0.2,0.24822700000000003,Redington Limited
459,0.0,0.7778,0.06588,0.45,0.0,0.37,0.322236,Redtape Limited
460,0.0,0.5556,0.0976,0.25,0.0,0.5,0.23063999999999998,Reliance Industries Limited
461,0.3,0.7778,0.099934,0.7,0.0,0.42799999999999994,0.4519468,Reliance Infrastructure Limited
462,0.0,0.5556,0.022936,0.25,0.0,0.44799999999999995,0.2131072,Reliance Power Limited
463,0.0,0.7778,0.039372500000000005,0.25,0.0,0.2,0.24843450000000006,Repco Home Finance Limited
464,0.0,0.7778,0.063972,0.25,0.0,0.598,0.2732544,Route Mobile Limited
465,0.3,0.7778,0.07755999999999999,0.7,0.0,0.42,0.447072,SAI SILKS (KALAMANDIR) LIMITED
466,0.0,0.5556,0.0732,0.25,0.0,0.2,0.21076,SAKSOFT LIMITED
467,0.0,0.7778,0.09835399999999998,0.45,0.0,0.618,0.3411308,SAMVARDHANA MOTHERSON INTERNATIONAL LIMITED
468,0.0,0.5556,0.046360000000000005,0.25,0.0,0.38333333333333336,0.21455866666666668,SARDA ENERGY & MINERALS LIMITED
469,0.0,0.5556,0.0732,0.25,0.0,0.2,0.21076,SAREGAMA India Limited
470,0.0,0.5556,0.0244,0.25,0.0,0.5,0.216,SASTASUNDAR VENTURES LIMITED
471,0.0,0.5556,0.08488,0.25,0.0,0.38333333333333336,0.22226266666666666,SBFC Finance Limited
472,0.0,0.5556,0.044585,0.25,0.0,0.49,0.21953699999999998,SBI Cards and Payment Services Limited
473,0.0,0.5556,0.12436,0.45,0.0,0.45999999999999996,0.29399200000000003,SBI Life Insurance Company Limited
474,0.3,1.0,0.07577333333333333,0.7,0.0,0.5766666666666667,0.49898799999999993,SEAMEC LIMITED
475,0.0,0.5556,0.0488,0.25,0.0,0.2,0.20588,SEPC Limited
476,0.0,0.5556,0.08713499999999999,0.25,0.0,0.375,0.22229699999999997,SG FINSERVE LIMITED
477,0.0,0.5556,0.0244,0.25,0.0,0.2,0.201,SG MART LIMITED
478,0.0,0.7778,0.063495,0.45,0.0,0.43999999999999995,0.3252590000000001,SHALBY LIMITED
479,0.0,0.7778,0.044186,0.45,0.0,0.44799999999999995,0.3217972,SHANTI EDUCATIONAL INITIATIVES LIMITED
480,0.0,0.5556,0.04331,0.25,0.0,0.635,0.226532,SHIPPING CORPORATION OF INDIA LAND AND ASSETS LIMITED
481,0.0,0.7778,0.079926,0.45,0.0,0.44799999999999995,0.32894520000000005,SHRIRAM PROPERTIES LIMITED
482,0.0,0.7778,0.11467999999999999,0.25,0.0,0.2,0.26349600000000006,SIGNPOST INDIA LIMITED
483,0.0,0.5556,0.04331,0.45,0.0,0.4,0.274782,SJVN Limited
484,0.0,0.5556,0.04148,0.25,0.0,0.2,0.204416,SKF INDIA LIMITED
485,0.0,0.7778,0.0430325,0.45,0.0,0.41000000000000003,0.3196665,SKIPPER LIMITED
486,0.0,0.5556,0.02074,0.45,0.0,0.2,0.260268,SMC Global Securities Limited
487,0.0,0.7778,0.06588,0.25,0.0,0.2,0.253736,SRF Limited
488,0.65,1.0,0.074695,0.7,0.0,0.605,0.552689,STATE BANK OF INDIA
489,0.0,0.5556,0.06588,0.25,0.0,0.2,0.20929599999999998,SUNFLAG IRON AND STEEL COMPANY LIMITED
490,0.0,0.5556,0.0244,0.45,0.0,0.2,0.261,SURYODAY SMALL FINANCE BANK LIMITED
491,0.0,0.5556,0.06588,0.45,0.0,0.4,0.279296,SUZLON ENERGY LIMITED
492,0.0,0.5556,0.10105999999999998,0.45,0.0,0.6419999999999999,0.29843200000000003,Salasar Techno Engineering Limited
493,0.0,0.7778,0.04331,0.25,0.0,0.2,0.24922200000000005,Sammaan Capital Limited
494,0.3,0.7778,0.061166250000000005,0.7,0.0,0.4,0.44279325,Satin Creditcare Network Limited
495,0.0,0.5556,0.0244,0.25,0.0,0.2,0.201,Shankara Building Products Limited
496,0.0,0.7778,0.04392,0.35,0.0,0.6033333333333333,0.2995106666666667,Sharda Cropchem Limited
497,0.3,0.7778,0.10369999999999999,0.7,0.0,0.45999999999999996,0.45430000000000004,Share India Securities Limited
498,0.0,0.5556,0.04331,0.25,0.0,0.2,0.20478200000000002,Shoppers Stop Limited
499,0.0,0.7778,0.0430325,0.25,0.0,0.4,0.2591665,Shree Cement Limited
500,0.0,0.7778,0.07719250000000001,0.45,0.0,0.435,0.32774850000000005,Shree Renuka Sugars Limited
501,0.0,0.7778,0.04357142857142857,0.25,0.0,0.4257142857142857,0.26056,Shreyas Shipping & Logistics Limited
502,0.6,1.0,0.076155,0.7,0.0,0.4,0.535231,Shriram Finance Limited (SFL)
503,0.0,0.7778,0.04236714285714286,0.25,0.0,0.39285714285714285,0.25867628571428575,Shyam Metalics and Energy Limited
504,0.0,0.7778,0.0244,0.25,0.0,0.45000000000000007,0.25794000000000006,Sobha Limited
505,0.0,0.5556,0.044585,0.25,0.0,0.5,0.22003699999999998,Sonata Software Limited
506,0.0,0.7778,0.08021500000000001,0.25,0.0,0.395,0.266353,Spandana Sphoorty Financial Limited (“SSFL or Company”)
507,0.0,0.5556,0.0732,0.25,0.0,0.45000000000000007,0.22326000000000001,Sree Rayalaseema Hi-Strength Hypo Limited
508,0.0,0.7778,0.06551,0.25,0.0,0.39999999999999997,0.26366200000000006,Star Cement Limited
509,0.3,0.7778,0.06551,0.7,0.0,0.38333333333333336,0.44282866666666665,Star Health and Allied Insurance Company Limited
510,0.0,0.7778,0.085666,0.45,0.0,0.594,0.33739320000000006,Steel Authority of India Limited
511,0.0,0.7778,0.08530428571428572,0.25,0.0,0.6442857142857142,0.2798351428571429,Strides Pharma Science Limited (“Strides” / “Company”)
512,0.0,0.7778,0.0488,0.45,0.0,0.6399999999999999,0.33232,Subex Limited
513,0.0,0.5556,0.06832,0.25,0.0,0.48666666666666664,0.22411733333333334,Sun Pharma Advanced Research Company Limited (SPARC)
514,0.0,0.5556,0.128015,0.25,0.0,0.69,0.246223,Sun Pharmaceutical Industries Limited
515,0.0,0.5556,0.04144,0.25,0.0,0.2,0.204408,Sundram Fasteners Limited
516,0.0,0.5556,0.039040000000000005,0.25,0.0,0.6033333333333333,0.22409466666666666,Sunteck Realty Ltd
517,0.45,0.7778,0.08558249999999999,0.7,0.0,0.46499999999999997,0.47342650000000003,Suprajit Engineering Limited
518,0.0,0.7778,0.06344,0.45,0.0,0.42,0.3242480000000001,Suven Life Sciences Limited
519,0.6,1.0,0.05641333333333333,0.7,0.0,0.4177777777777778,0.5321715555555555,Symphony Limited
520,0.6,0.7778,0.11276636363636364,0.7,0.0,0.4563636363636364,0.5009314545454546,Syngene International Limited
521,0.6,0.7778,0.08662,0.7,0.0,0.43999999999999995,0.494884,TCI Express Limited
522,0.3,0.7778,0.09576399999999999,0.7,0.0,0.41200000000000003,0.4503128,THE FEDERAL BANK LIMITED
523,0.0,0.5556,0.0,0.25,0.0,0.2,0.19612000000000002,THE INDIA CEMENTS LIMITED
524,0.0,0.5556,0.04392,0.25,0.0,0.41666666666666674,0.21573733333333334,THE SHIPPING CORPORATION OF INDIA LIMITED
525,0.0,0.7778,0.08787142857142857,0.45,0.0,0.44571428571428573,0.33042000000000005,TRIDENT LIMITED
526,0.0,0.5556,0.10247999999999999,0.25,0.0,0.49333333333333335,0.2312826666666667,TV Today Network Limited
527,0.0,0.5556,0.0732,0.25,0.0,0.45000000000000007,0.22326000000000001,TVS Supply Chain Solutions Limited
528,0.0,0.7778,0.09383714285714286,0.45,0.0,0.4257142857142857,0.3306131428571429,Tanla Platforms Limited
529,0.0,0.7778,0.039372500000000005,0.35,0.0,0.435,0.2901845,Tata Chemicals Limited
530,0.0,0.5556,0.10196,0.45,0.0,0.6599999999999999,0.29951199999999994,Tata Communications Limited
531,0.0,0.7778,0.081645,0.25,0.0,0.43499999999999994,0.268639,Tata Consultancy Services Limited
532,0.0,0.7778,0.10236875,0.25,0.0,0.6,0.2810337500000001,Tata Elxsi Limited
533,0.0,0.5556,0.02074,0.25,0.0,0.2,0.200268,Tata Investment Corporation Limited
534,0.45,0.7778,0.075925,0.7,0.0,0.5942857142857143,0.4779592857142857,Tata Power Company Limited
535,0.45,0.7778,0.057376666666666666,0.7,0.0,0.5911111111111111,0.47409088888888895,Tata Steel Limited
536,0.0,0.7778,0.126626,0.25,0.0,0.598,0.2857852,Tata Technologies Limited
537,0.0,0.7778,0.082738,0.25,0.0,0.622,0.27820760000000005,Tata Teleservices (Maharashtra) Limited (TTML)
538,0.0,0.7778,0.06222,0.25,0.0,0.41,0.26350400000000007,Texmaco Rail & Engineering Limited
539,0.5,0.7778,0.0488,0.7,0.0,0.45000000000000007,0.4728200000000001,The Great Eastern Shipping Company Limited
540,0.5,0.7778,0.083475,0.7,0.0,0.49,0.48175500000000004,The Karnataka Bank Limited
541,0.0,0.5556,0.0732,0.25,0.0,0.45000000000000007,0.22326000000000001,The Ramco Cements Limited
542,0.3,0.7778,0.045872,0.7,0.0,0.39,0.4392344,The South Indian Bank Limited
543,0.3,1.0,0.09516,0.7,0.0,0.42000000000000004,0.495032,Thermax Limited
544,0.0,0.5556,0.057155,0.45,0.0,0.4,0.277551,Thomas Cook  (India)  Limited
545,0.0,0.5556,0.06273000000000001,0.45,0.0,0.424,0.279866,Thyrocare Technologies Limited
546,0.0,0.7778,0.04514,0.25,0.0,0.2,0.24958800000000003,Tips Industries Limited
547,0.0,0.5556,0.06551,0.25,0.0,0.45999999999999996,0.222222,Torrent Power Limited
548,0.0,0.5556,0.0764325,0.45,0.0,0.2,0.2714065,Transport Corporation of India Limited
549,0.0,0.7778,0.04331,0.25,0.0,0.2,0.24922200000000005,Triveni Engineering & Industries Limited (TEIL)
550,0.0,0.7778,0.04144,0.25,0.0,0.2,0.248848,Tube Investments of India Limited
551,0.0,0.5556,0.04392,0.25,0.0,0.4533333333333333,0.21757066666666666,UCO BANK
552,0.0,0.5556,0.09624124999999999,0.45,0.0,0.425,0.28661824999999996,UFlex Limited
553,0.0,0.5556,0.0488,0.25,0.0,0.75,0.23338,UGRO Capital Limited
554,0.0,0.5556,0.019520000000000003,0.25,0.0,0.38333333333333336,0.20919066666666666,UNION BANK OF INDIA
555,0.0,0.5556,0.02074,0.25,0.0,0.2,0.200268,UNIPHOS ENTERPRISES LIMITED
556,0.0,0.5556,0.066395,0.25,0.0,0.43999999999999995,0.22139899999999998,UNITED BREWERIES LIMITED
557,0.3,0.7778,0.035518,0.7,0.0,0.54,0.44466360000000005,UNITED SPIRITS LIMITED
558,0.0,0.7778,0.119528,0.25,0.0,0.638,0.2863656,UPL LIMITED
559,0.0,0.7778,0.1341272727272727,0.45,0.0,0.42181818181818187,0.3384763636363637,UTI Asset Management Company Limited
560,0.3,1.0,0.08747,0.7,0.0,0.4533333333333333,0.49516066666666664,Ujjivan Small Finance Bank Limited
561,0.0,0.5556,0.04111,0.25,0.0,0.42,0.215342,UltraTech Cement Limited
562,0.0,0.5556,0.0764325,0.25,0.0,0.2,0.2114065,Utkarsh Small Finance Bank Limited
563,0.45,0.7778,0.05840142857142857,0.7,0.0,0.5757142857142857,0.47352600000000006,V-MART RETAIL LIMITED
564,0.0,0.5556,0.08296,0.25,0.0,0.7,0.237712,VA TECH WABAG LIMITED
565,0.0,0.5556,0.018544,0.45,0.0,0.404,0.2700288,VERANDA LEARNING SOLUTIONS LIMITED
566,0.0,0.7778,0.059075,0.25,0.0,0.41000000000000003,0.262875,VERITAS (INDIA) Limited
567,0.0,0.7778,0.099934,0.25,0.0,0.44799999999999995,0.2729468,VIDHI SPECIALTY FOOD INGREDIENTS LIMITED
568,0.0,0.7778,0.04059,0.25,0.0,0.2,0.24867800000000007,VISHNU PRAKASH R PUNGLIA LIMITED
569,0.0,0.5556,0.0488,0.45,0.0,0.2,0.26588,VRL LOGISTICS LIMITED
570,0.0,0.5556,0.11102,0.25,0.0,0.49,0.232824,VST INDUSTRIES LIMITED
571,0.65,0.7778,0.06273000000000001,0.7,0.0,0.404,0.4958060000000001,Vakrangee Limited
572,0.0,0.5556,0.065325,0.25,0.0,0.6399999999999999,0.231185,Vardhman Holdings Limited
573,0.0,0.5556,0.065325,0.25,0.0,0.6399999999999999,0.231185,Vardhman Textiles Limited
574,0.3,1.0,0.04421,0.7,0.0,0.6084615384615384,0.4942650769230769,Vedanta Limited
575,0.0,0.7778,0.06222,0.45,0.0,0.41000000000000003,0.32350400000000007,Vijaya Diagnostic Centre Limited
576,0.0,0.7778,0.042515000000000004,0.45,0.0,0.41666666666666663,0.3198963333333334,Vindhya Telelinks Limited
577,0.0,0.5556,0.06344,0.45,0.0,0.42,0.27980800000000006,Vodafone Idea Limited
578,0.0,0.5556,0.0488,0.25,0.0,0.5,0.22088,Voltas Limited
579,0.3,0.7778,0.08713499999999999,0.7,0.0,0.43999999999999995,0.449987,Waaree Renewable Technologies Limited (‘Waaree RTL’)
580,0.0,0.7778,0.038335,0.25,0.0,0.2,0.24822700000000003,Welspun Corp Limited
581,0.0,0.7778,0.04148,0.45,0.0,0.598,0.328756,Welspun Enterprises Limited
582,0.0,0.5556,0.08015,0.25,0.0,0.41666666666666674,0.22298333333333334,Welspun Living Limited (formerly known as Welspun India Limited)
583,0.0,0.7778,0.06255,0.45,0.0,0.38333333333333336,0.3222366666666667,Westlife Foodworld Limited
584,0.0,0.5556,0.036505,0.25,0.0,0.61,0.223921,Whirlpool of India Limited (“Company/Whirlpool”)
585,0.0,0.7778,0.079815,0.25,0.0,0.5,0.27152300000000007,Wipro Limited
586,0.0,0.5556,0.04148,0.25,0.0,0.5,0.21941599999999997,Xchanging Solutions Limited
587,0.0,0.7778,0.06222,0.25,0.0,0.4,0.26300400000000007,YATHARTH HOSPITAL & TRAUMA CARE SERVICES LIMITED
588,0.6,0.7778,0.07280857142857143,0.7,0.0,0.6357142857142857,0.5019074285714286,Yatra Online Limited
589,0.0,0.7778,0.05856,0.25,0.0,0.2,0.25227200000000005,Yes Bank Limited
590,0.0,0.7778,0.042722,0.45,0.0,0.594,0.32880440000000005,ZENSAR TECHNOLOGIES LIMITED
591,0.0,0.7778,0.0488,0.25,0.0,0.75,0.27782000000000007,ZF Commercial Vehicle Control Systems India Limited (‘ZF CVCS’)
592,0.0,0.5556,0.070815,0.25,0.0,0.61,0.230783,Zee Media Corporation Limited
593,0.0,0.7778,0.059918,0.45,0.0,0.404,0.3227436,Zen Technologies Limited
594,0.6,0.7778,0.06307,0.7,0.0,0.64,0.500174,Zomato Limited
595,0.5,0.7778,0.061305,0.7,0.0,0.4225,0.47394600000000003,Zydus Lifesciences Limited
596,0.65,0.7778,0.1340033333333333,0.7,0.0,0.5811111111111111,0.5189162222222223,Zydus Wellness Limited
597,0.0,0.5556,0.0244,0.35,0.0,0.41666666666666674,0.24183333333333332,eClerx Services Limited
598,0.0,0.7778,0.04233,0.25,0.0,0.2,0.24902600000000003,ideaForge Technology Limited
